06C25F06C25F0B0003C20DD300002200
05A8002AD90F30003BE603745B153D36
96155B15ED405A15323DFEC209FDC207
271335E630ED3116C21CEC3169700434
FB310326EDFEC20BEC3127123BE630ED
3116C21C3A180A30700434F920EA3DCF
220007C64A81D10AEC82A38827212A10
8CFFE82C0306C4A23016C4A234502006
8C001825013D648D668E668F5326F7A6
84A18C2721EC86A38E6C86A685A28D6A
85241061846185618660872606628626
02628506C4D7EC86E38E6C86A685A98D
240A4666866687EE82086E826A853D34
3B343416C46516C47A078D16C48F3030
3A1B823D3B34A680180EA8862B1786FF
EE802B0140AE862606EE82AE88270822
0140972002E1861B843DEC872607EE85
26036C823DCE009DE7852B0809596586
65852AF86A876E823D3B34363416C6ED
07D816C48F30303A1B813D3B34363416
C6EA07C616C48F30303A1B813D1B9CA6
88A8F0106A88EC86A38CC3007EE7F011
2B15B7C5C7522B1E68F01365F01265F0
112AF21AE5B7C56C86698069816982CE
0018E78920331B8406C4CE6882658165
80688B658A658924202B30EC8AE3F012
6C8AA689A9F0116A89E7822608E78126
0263806381638220122A10EC8AA3F012
6C8AE689E2F0116B8962820926BDEC81
6C8AE6806B891B8406C4D73534A688A8
F0106A88EC86E38C83007D2A05303106
C4C36C86EC8AEDF012136D80E68987ED
F01213E3806C80CC00003B2402628135
ED8EE6F0158713E3846A8F3AE981A9B1
19EE6D80E689A6F01112E3806C893031
06C4D76CAC343416C46516C47A079C16
C48F3030ECB33D343B343416C47A16C4
6516C34D16C48F3030ECB326078E8000
2602B7453DEC8469845924026184180E
2704530C8580876C823DEC8C698C5924
02618C180E2704530C8D80876C883DA6
83E6852A014258E7842702140146566C
843D343BECF010EE886C886EF010ECF0
12EE8A6C8A6EF012EC8CEE866C866E8C
3A303D3B87C76C866C886C843A3D3007
F234180884FE3DEE822B2C2722E78526
0FE786260BE7872607CE00006984200D
E7852B096887658665850926F36E828E
00FF251006C4CE6485668666870826F7
698269833D972704580430FC3D972704
540430FC3D34B785871810B750303D87
D7B7C6270A59B7C55545B7C50436F63D
87D7B7C6270AB7C549B7C546560436F6
3DAC84270E34B7C5E285A284B7C510FB
302002AE82311B840540AC42270E34B7
C5E241A240B7C510FB302002AE403D04
A401083D35B7C513B7D43113B7E41AE6
B7E43D87C76C82EC8C261FEE8EED86EC
8811280DEC86CD0000116D82B746EC88
116D846C8887C76C863D972709EE86B7
C5CD00002008EE8DE686ED87B7C61135
ECF010133B35ECF012ED8413E3B130B7
C5CD0000356581A38CB7C5E28BA28A31
0446113669AF3137323433EEF01011B7
6532201F252A046403044539E78E2706
EE8E87C7200BB7C5363469AFEEF01331
3A1810083A34A3B1B74620A33102209F
4151B7C5415104A40108AE8E22EE2505
ACF01024E7316D84698369826C886E86
3D3B341B9C16C59330ECB5EDB5054087
C73BA3026C023AE201A2006C003D3B34
1B9C16C593EE84EC861B88EDB505403B
B704B7053A3D180A30700434F93D30E6
E605E530AC332503CCFFFF5905E73037
E1310460022504E61F2002E6E51AE533
0500EE8097260CE1002208E12222FC27
02EE801B8205E30001EE8097260CE100
2208E12122FC2702EE8037E6011AE5E6
B2050061841A8506C65F69843D6984E7
852A0306C6E33DF60144C43C54547B22
37C404270CF6222B260FC60337C60520
591F2237010AF6222B265EC60337204A
1F2237080AF6222B264FC60337203A1F
22370215F6222B2640C60337524A824A
0A33C6017B272620271E22370C02200B
CC03017B272636C607200F1E22370302
2017CC03017B272636584A824A0A1B81
CCD0017B27217A01411C014442790147
0B1B95698AF60161C4086B88F6016CC4
0F6B89FE2546271387F322357C2235CC
0000F92234B922337C2233F6278B0421
05C6017B278DE68818260081F6016087
5959593BF60161545454545487EA81AA
806C84C7876C82EC848307DF6C80CC00
00C2008200CE000834191835B745EC84
16C5511B82222A16CA13260E16CA2525
09CCAC7A16CA0537201116CA13261216
CA25240D722725C60437574A824A0A1B
81F6278B182600BEEC828307E83B16CA
2B16C9E71B82182200AC06C8E2C6186B
88F60161C4E087B705B746C60D16C52F
3BF60160873BC6153416C9F36C80F601
61C407876C84C60F6E82B765ED8416C5
2FEA83AA82B7C5EA81AA806C80F60162
876C82C6076E8416C9F3B746F60163C4
FE548734EA81AAB16C886DA58C33F126
2C8D18DB262716CA13261516CA252510
CCAC9E16CA0537584A824A0A1B81200D
16CA13260816CA252403722725F6278B
2614EC8283F1003B16CA3516C9E71B82
2204C6016B8AF601647B26F7F601657B
26F8F601667B26F9F601677B26FAF601
687B26FBF601697B26FCF6016A7B26FD
F6016B7B26FEC6017B0144B6278C0420
48A6882617EC828307E83B16CA2B16C9
E71B82223416CA1A242F201981182629
EC8283F1003B16CA3516C9E71B822219
16CA1A2414875959EE82B7466EEA2702
EE806EEA2700722722EC826C86EE806E
84F62238C102262CCC26F73BED883534
E68F4A8ED80A1B86E68A042157CC26F7
3BEE8434EE8434E68F37E68F4A983109
1B872040042132E689C108222C698769
84ED86EE84C7876E866C848E00E02605
0464026982CC26F73BEE8434EE8434E6
8F4A92AF081B86200BC60437C60A4A82
4A0A1B811B8B0B34B745C7873BEC8616
C5513DB765ED8416C52FEA87AA86B7C5
EA83AA823D4A8BEA0ACCD0017B27217A
01413DFC27238300013DE68A7B2720F6
2722C1083DF62725C1033DEC84C20082
00CE00073DEC84C2DA8218CE00FF3D79
0147F62238C10226044A98E9090BCC04
807B014436C6034A824A0A320BFE277B
FC277D16C57F7E277B7C277DC6017B27
7F5B4EFC27812605F6278027044BFB5C
FF0B1410F62217C10126134FDB801F4F
D8801BD6DD7B22414A9F080A2010C102
260C4FDB20084FD820044A9E080A10EF
0B1410C6807B01061F010680FB10EF3D
1B911980CECAB1C60F8716C686198015
401B8F3D6CAD1F01068045C6307B0106
790102A68E7A010AA68D7A010B720102
B60102A18F271DEC8B072C2717EC8907
262711EC870720270BEC85071A2705EC
807C010AE68F537B010207A4F601068F
C6016B821B833D7C010A720102F60102
E1F0113D1B9CC619876C82C76C801F01
0680FBE6837B01001B843DFFFFFFFFFF
FFFFFFFFFFFFFFFFFFFFFFFFFFFFFFFF
FFFFFFFFFFFFFFFFFFFFFFFFFFFFFFFF
FFFFFFFFFFFFFFFFFFFFFFFFFFFFFFFF
FFFFFFFFFFFFFFFFFFFFFFFFFFFFFFFF
FFFFFFFFFFFFFFFFFFFFFFFFFFFFFFFF
FFFFFFFFFFFFFFFFFFFFFFFFFFFFFFFF
FFFFFFFFFFFFFFFFFFFFFFFFFFFFFFFF
FFFFFFFFFFFFFFFFFFFFFFFFFFFFFFFF
FFFFFFFFFFFFFFFFFFFFFFFFFFFFFFFF
FFFFFFFFFFFFFFFFFFFFFFFFFFFFFFFF
FFFFFFFFFFFFFFFFFFFFFFFFFFFFFFFF
FFFFFFFFFFFFFFFFFFFFFFFFFFFFFFFF
FFFFFFFFFFFFFFFFFFFFFFFFFFFFFFFF
FFFFFFFFFFFFFFFFFFFFFFFFFFFFFFFF
FFFFFFFFFFFFFFFFFFFFFFFFFFFFFFFF
FFFFFFFFFFFFFFFFFFFFFFFFFFFFFFFF
FFFFFFFFFFFFFFFFFFFFFFFFFFFFFFFF
FFFFFFFFFFFFFFFFFFFFFFFFFFFFFFFF
FFFFFFFFFFFFFFFFFFFFFFFFFFFFFFFF
FFFFFFFFFFFFFFFFFFFFFFFFFFFFFFFF
FFFFFFFFFFFFFFFFFFFFFFFFFFFFFFFF
FFFFFFFFFFFFFFFFFFFFFFFFFFFFFFFF
FFFFFFFFFFFFFFFFFFFFFFFFFFFFFFFF
FFFFFFFFFFFFFFFFFFFFFFFFFFFFFFFF
FFFFFFFFFFFFFFFFFFFFFFFFFFFFFFFF
FFFFFFFFFFFFFFFFFFFFFFFFFFFFFFFF
FFFFFFFFFFFFFFFFFFFFFFFFFFFFFFFF
FFFFFFFFFFFFFFFFFFFFFFFFFFFFFFFF
FFFFFFFFFFFFFFFFFFFFFFFFFFFFFFFF
FFFFFFFFFFFFFFFFFFFFFFFFFFFFFFFF
FFFFFFFFFFFFFFFFFFFFFFFFFFFFFFFF
FFFFFFFFFFFFFFFFFFFFFFFFFFFFFFFF
FFFFFFFFFFFFFFFFFFFFFFFFFFFFFFFF
FFFFFFFFFFFFFFFFFFFFFFFFFFFFFFFF
FFFFFFFFFFFFFFFFFFFFFFFFFFFFFFFF
FFFFFFFFFFFFFFFFFFFFFFFFFFFFFFFF
FFFFFFFFFFFFFFFFFFFFFFFFFFFFFFFF
FFFFFFFFFFFFFFFFFFFFFFFFFFFFFFFF
FFFFFFFFFFFFFFFFFFFFFFFFFFFFFFFF
FFFFFFFFFFFFFFFFFFFFFFFFFFFFFFFF
FFFFFFFFFFFFFFFFFFFFFFFFFFFFFFFF
FFFFFFFFFFFFFFFFFFFFFFFFFFFFFFFF
FFFFFFFFFFFFFFFFFFFFFFFFFFFFFFFF
FFFFFFFFFFFFFFFFFFFFFFFFFFFFFFFF
FFFFFFFFFFFFFFFFFFFFFFFFFFFFFFFF
FFFFFFFFFFFFFFFFFFFFFFFFFFFFFFFF
FFFFFFFFFFFFFFFFFFFFFFFFFFFFFFFF
FFFFFFFFFFFFFFFFFFFFFFFFFFFFFFFF
FFFFFFFFFFFFFFFFFFFFFFFFFFFFFFFF
FFFFFFFFFFFFFFFFFFFFFFFFFFFFFFFF
FFFFFFFFFFFFFFFFFFFFFFFFFFFFFFFF
FFFFFFFFFFFFFFFFFFFFFFFFFFFFFFFF
FFFFFFFFFFFFFFFFFFFFFFFFFFFFFFFF
FFFFFFFFFFFFFFFFFFFFFFFFFFFFFFFF
FFFFFFFFFFFFFFFFFFFFFFFFFFFFFFFF
FFFFFFFFFFFFFFFFFFFFFFFFFFFFFFFF
FFFFFFFFFFFFFFFFFFFFFFFFFFFFFFFF
FFFFFFFFFFFFFFFFFFFFFFFFFFFFFFFF
FFFFFFFFFFFFFFFFFFFFFFFFFFFFFFFF
FFFFFFFFFFFFFFFFFFFFFFFFFFFFFFFF
FFFFFFFFFFFFFFFFFFFFFFFFFFFFFFFF
FFFFFFFFFFFFFFFFFFFFFFFFFFFFFFFF
FFFFFFFFFFFFFFFFFFFFFFFFFFFFFFFF
FFFFFFFFFFFFFFFFFFFFFFFFFFFFFFFF
FFFFFFFFFFFFFFFFFFFFFFFFFFFFFFFF
FFFFFFFFFFFFFFFFFFFFFFFFFFFFFFFF
FFFFFFFFFFFFFFFFFFFFFFFFFFFFFFFF
FFFFFFFFFFFFFFFFFFFFFFFFFFFFFFFF
FFFFFFFFFFFFFFFFFFFFFFFFFFFFFFFF
FFFFFFFFFFFFFFFFFFFFFFFFFFFFFFFF
FFFFFFFFFFFFFFFFFFFFFFFFFFFFFFFF
FFFFFFFFFFFFFFFFFFFFFFFFFFFFFFFF
FFFFFFFFFFFFFFFFFFFFFFFFFFFFFFFF
FFFFFFFFFFFFFFFFFFFFFFFFFFFFFFFF
FFFFFFFFFFFFFFFFFFFFFFFFFFFFFFFF
FFFFFFFFFFFFFFFFFFFFFFFFFFFFFFFF
FFFFFFFFFFFFFFFFFFFFFFFFFFFFFFFF
FFFFFFFFFFFFFFFFFFFFFFFFFFFFFFFF
FFFFFFFFFFFFFFFFFFFFFFFFFFFFFFFF
FFFFFFFFFFFFFFFFFFFFFFFFFFFFFFFF
FFFFFFFFFFFFFFFFFFFFFFFFFFFFFFFF
FFFFFFFFFFFFFFFFFFFFFFFFFFFFFFFF
FFFFFFFFFFFFFFFFFFFFFFFFFFFFFFFF
FFFFFFFFFFFFFFFFFFFFFFFFFFFFFFFF
FFFFFFFFFFFFFFFFFFFFFFFFFFFFFFFF
FFFFFFFFFFFFFFFFFFFFFFFFFFFFFFFF
FFFFFFFFFFFFFFFFFFFFFFFFFFFFFFFF
FFFFFFFFFFFFFFFFFFFFFFFFFFFFFFFF
FFFFFFFFFFFFFFFFFFFFFFFFFFFFFFFF
FFFFFFFFFFFFFFFFFFFFFFFFFFFFFFFF
FFFFFFFFFFFFFFFFFFFFFFFFFFFFFFFF
FFFFFFFFFFFFFFFFFFFFFFFFFFFFFFFF
FFFFFFFFFFFFFFFFFFFFFFFFFFFFFFFF
FFFFFFFFFFFFFFFFFFFFFFFFFFFFFFFF
FFFFFFFFFFFFFFFFFFFFFFFFFFFFFFFF
FFFFFFFFFFFFFFFFFFFFFFFFFFFFFFFF
FFFFFFFFFFFFFFFFFFFFFFFFFFFFFFFF
FFFFFFFFFFFFFFFFFFFFFFFFFFFFFFFF
FFFFFFFFFFFFFFFFFFFFFFFFFFFFFFFF
FFFFFFFFFFFFFFFFFFFFFFFFFFFFFFFF
FFFFFFFFFFFFFFFFFFFFFFFFFFFFFFFF
FFFFFFFFFFFFFFFFFFFFFFFFFFFFFFFF
FFFFFFFFFFFFFFFFFFFFFFFFFFFFFFFF
FFFFFFFFFFFFFFFFFFFFFFFFFFFFFFFF
FFFFFFFFFFFFFFFFFFFFFFFFFFFFFFFF
FFFFFFFFFFFFFFFFFFFFFFFFFFFFFFFF
FFFFFFFFFFFFFFFFFFFFFFFFFFFFFFFF
FFFFFFFFFFFFFFFFFFFFFFFFFFFFFFFF
FFFFFFFFFFFFFFFFFFFFFFFFFFFFFFFF
FFFFFFFFFFFFFFFFFFFFFFFFFFFFFFFF
FFFFFFFFFFFFFFFFFFFFFFFFFFFFFFFF
FFFFFFFFFFFFFFFFFFFFFFFFFFFFFFFF
FFFFFFFFFFFFFFFFFFFFFFFFFFFFFFFF
FFFFFFFFFFFFFFFFFFFFFFFFFFFFFFFF
FFFFFFFFFFFFFFFFFFFFFFFFFFFFFFFF
FFFFFFFFFFFFFFFFFFFFFFFFFFFFFFFF
FFFFFFFFFFFFFFFFFFFFFFFFFFFFFFFF
FFFFFFFFFFFFFFFFFFFFFFFFFFFFFFFF
FFFFFFFFFFFFFFFFFFFFFFFFFFFFFFFF
FFFFFFFFFFFFFFFFFFFFFFFFFFFFFFFF
FFFFFFFFFFFFFFFFFFFFFFFFFFFFFFFF
FFFFFFFFFFFFFFFFFFFFFFFFFFFFFFFF
FFFFFFFFFFFFFFFFFFFFFFFFFFFFFFFF
00280022000100010000271000007530
0000EA60000186A0000249F001204060
8000BB01010180036200000001000800
3E5C300000003E5C00030000FFFFFFFF
FFFFFFFFFFFFFFFFFFFFFFFFFFFFFFFF
FFFFFFFFFFFFFFFFFFFFFFFFFFFFFFFF
FFFFFFFFFFFFFFFFFFFFFFFFFFFFFFFF
FFFFFFFFFFFFFFFFFFFFFFFFFFFFFFFF
FFFFFFFFFFFFFFFFFFFFFFFFFFFFFFFF
FFFFFFFFFFFFFFFFFFFFFFFFFFFFFFFF
FFFFFFFFFFFFFFFFFFFFFFFFFFFFFFFF
FFFFFFFFFFFFFFFFFFFFFFFFFFFFFFFF
FFFFFFFFFFFFFFFFFFFFFFFFFFFFFFFF
FFFFFFFFFFFFFFFFFFFFFFFFFFFFFFFF
FFFFFFFFFFFFFFFFFFFFFFFFFFFFFFFF
FFFFFFFFFFFFFFFFFFFFFFFFFFFFFFFF
FFFFFFFFFFFFFFFFFFFFFFFFFFFFFFFF
FFFFFFFFFFFFFFFFFFFFFFFFFFFFFFFF
FFFFFFFFFFFFFFFFFFFFFFFFFFFFFFFF
FFFFFFFFFFFFFFFFFFFFFFFFFFFFFFFF
FFFFFFFFFFFFFFFFFFFFFFFFFFFFFFFF
FFFFFFFFFFFFFFFFFFFFFFFFFFFFFFFF
FFFFFFFFFFFFFFFFFFFFFFFFFFFFFFFF
FFFFFFFFFFFFFFFFFFFFFFFFFFFFFFFF
FFFFFFFFFFFFFFFFFFFFFFFFFFFFFFFF
FFFFFFFFFFFFFFFFFFFFFFFFFFFFFFFF
FFFFFFFFFFFFFFFFFFFFFFFFFFFFFFFF
FFFFFFFFFFFFFFFFFFFFFFFFFFFFFFFF
FFFFFFFFFFFFFFFFFFFFFFFFFFFFFFFF
FFFFFFFFFFFFFFFFFFFFFFFFFFFFFFFF
FFFFFFFFFFFFFFFFFFFFFFFFFFFFFFFF
FFFFFFFFFFFFFFFFFFFFFFFFFFFFFFFF
FFFFFFFFFFFFFFFFFFFFFFFFFFFFFFFF
FFFFFFFFFFFFFFFFFFFFFFFFFFFFFFFF
FFFFFFFFFFFFFFFFFFFFFFFFFFFFFFFF
FFFFFFFFFFFFFFFFFFFFFFFFFFFFFFFF
FFFFFFFFFFFFFFFFFFFFFFFFFFFFFFFF
FFFFFFFFFFFFFFFFFFFFFFFFFFFFFFFF
FFFFFFFFFFFFFFFFFFFFFFFFFFFFFFFF
FFFFFFFFFFFFFFFFFFFFFFFFFFFFFFFF
FFFFFFFFFFFFFFFFFFFFFFFFFFFFFFFF
FFFFFFFFFFFFFFFFFFFFFFFFFFFFFFFF
FFFFFFFFFFFFFFFFFFFFFFFFFFFFFFFF
FFFFFFFFFFFFFFFFFFFFFFFFFFFFFFFF
FFFFFFFFFFFFFFFFFFFFFFFFFFFFFFFF
FFFFFFFFFFFFFFFFFFFFFFFFFFFFFFFF
FFFFFFFFFFFFFFFFFFFFFFFFFFFFFFFF
FFFFFFFFFFFFFFFFFFFFFFFFFFFFFFFF
FFFFFFFFFFFFFFFFFFFFFFFFFFFFFFFF
FFFFFFFFFFFFFFFFFFFFFFFFFFFFFFFF
FFFFFFFFFFFFFFFFFFFFFFFFFFFFFFFF
FFFFFFFFFFFFFFFFFFFFFFFFFFFFFFFF
FFFFFFFFFFFFFFFFFFFFFFFFFFFFFFFF
FFFFFFFFFFFFFFFFFFFFFFFFFFFFFFFF
FFFFFFFFFFFFFFFFFFFFFFFFFFFFFFFF
FFFFFFFFFFFFFFFFFFFFFFFFFFFFFFFF
FFFFFFFFFFFFFFFFFFFFFFFFFFFFFFFF
FFFFFFFFFFFFFFFFFFFFFFFFFFFFFFFF
FFFFFFFFFFFFFFFFFFFFFFFFFFFFFFFF
FFFFFFFFFFFFFFFFFFFFFFFFFFFFFFFF
FFFFFFFFFFFFFFFFFFFFFFFFFFFFFFFF
FFFFFFFFFFFFFFFFFFFFFFFFFFFFFFFF
FFFFFFFFFFFFFFFFFFFFFFFFFFFFFFFF
FFFFFFFFFFFFFFFFFFFFFFFFFFFFFFFF
FFFFFFFFFFFFFFFFFFFFFFFFFFFFFFFF
FFFFFFFFFFFFFFFFFFFFFFFFFFFFFFFF
FFFFFFFFFFFFFFFFFFFFFFFFFFFFFFFF
FFFFFFFFFFFFFFFFFFFFFFFFFFFFFFFF
FFFFFFFFFFFFFFFFFFFFFFFFFFFFFFFF
FFFFFFFFFFFFFFFFFFFFFFFFFFFFFFFF
FFFFFFFFFFFFFFFFFFFFFFFFFFFFFFFF
FFFFFFFFFFFFFFFFFFFFFFFFFFFFFFFF
C203C203C203C203C203C203C203C203
C203C203C203C203C203C203C203C203
C203C203C203C203C203C203C203C203
CA3FC781C6F7CA4EC203C203C203C203
C203C203C203C203C203C203C203C203
C203C203C203C203CA82C203C203C203
C203C203C203C203C203C203C203CA5D
C203C203C203C203C203FFFFFFFFFFFF
C6017B2AE34A8087084A81E008C6E887
7C2ADBC77C2AD90A6CAAB745EC02C73B
EC0087B7453A363433306E846983B754
C781EA273869822030E68287595959F3
2ADDB745EC00AC842617EE80E6031905
35A68436A604364A809A081B84C6016B
836282E682C1432404E68327CC1B860A
7C2ADB7E2AD90AFC2ADBFE2AD90A1A83
B7544A8018080A1803B7AD2ADD18032A
E72ADF180331BF2AE10A1B9737C6016B
8969830681861681CE3BF32ADDB745C6
17A685123BE306B745EC004A8243086B
85EE823AE3E2B7B3B745E6026B86E683
C1DB1B822227F62AE326251681C9E605
042106E604E18027071681C9E605260D
69822003168198E682E18425F7068184
69822003168198E682E18425F71681CE
B745C617A68312E3E2B7B31A85344A85
AD081B8204415D1681C9E60404A155E6
806B04C6016B05EC068C00542605E604
7B2AE41681C9EE068E02552607B745E6
047B2AE40773EE068E00462607B745E6
047B2AE40763EE068E03952607B745E6
047B2AE50753EE068E00332607B745E6
047B2AE662830746F32ADDB745E683E1
051825FF111B8A0AE6F01087595959B7
45C617A68512E3E2B7B3B745E603EB84
87830001E3F011B746071BB745E68487
1AE6E6406B0062843D070BB7453DE6F0
10875959593DE68587595959F32ADF3D
1B9D698269806981203A074BC617A681
12E306B745E68287595959F32ADFB746
EC006C46C6FF6B44C737E68387595959
F32ADFB74533871AE66A0052C10425E9
628262810711E681E10525BE6280E680
C14325B21B830AE68287595959F32ADD
B7453D6CACC6DC6B836982E682875959
59F32ADFB745EC06AC802608E6826B83
C6DB6B826282E682C1DB25DFE6831B84
0A6CAC69836982C606A68212EE87B746
AEEAB9C5260EECEAB9C9EE806C00C601
6B8320086282E682C1DB25DBE6831B84
0A6CAC722784F62784C1152216EC873B
C60A4A843908306C82EE80ED00194A6D
00201DF62784C1162616EC873BC6094A
843908306C82EE80C6DB876C007A2784
EC821B840A6CAC722239F62239C10322
2287830001CD004013EE8734CE004034
4A8335081B846C82EE80EC00C300406C
00201DEC873BC61A873BC6C04A833508
1B846C82EE80EC00C3001A6C00792239
EC821B840A3BC78720233BE382B746C6
068713B745ECE2B9C5B746EC805959E3
89B7456D02C7876C003008B754AC8525
D9EC855959300A1B936989698AB745ED
006D80EC026C826988C606A68812EE82
B746AEEAB9C52602EC8018260095C601
6B8AECEAB9C76C868E024A2604EC8027
1B8E024B2604EC8027128E024C2604EC
8027098E00ED2610EC80260CECF0103B
EC884A86E708200AECF0103BEC884A85
AD081B826B89E689042138EC828C024A
2604EC802721EC828C024B2604EC8027
16EC828C024C2604EC80270BEC828C00
ED2609EC802605EE86E6028FC604876C
842014C601876C84EEF0106E8BC6CD6B
002004698569846288E688C1DB2405E6
8A043145EC841B8D0A1B95376989C787
6C876C812069F62783E381CD000613B7
45ECE2B9C56C85C7876C83F62783EB82
7B2785E6893BE3F011B745C76B006B01
EC876A02E6886B03EC80C30006E3F011
3BEC82C30004E3F0133BEC8BCE00004A
84D0081B846C8CE68DCB04EB8B6B8BEC
8CC30004E3896C89EE83086E831B82E6
8087AC812290F62783EB807B2783F627
83C1DB26067A27837A2785EC871B8C0A
6CA9346988F6278537C6063212B745EC
E2B9C51980CE000016C56A182600B9F6
2785860612B746ECEAB9C76C86EC828C
024A2604EC802721EC828C024B2604EC
802716EC828C024C2604EC80270BEC82
8C00ED260FEC80260BEC8E3BEC884A86
E7082009EC8E3BEC884A85AD081B826B
88E68804214FEC828C024A2604EC8027
21EC828C024B2604EC802716EC828C02
4C2604EC80270BEC828C00ED2618EC80
2614EE86E60287C300026C84ED8C6940
E6026B412022EE8C6900C6046B01C606
876C842013EE8C6900C6016B01C60387
6C84EE8EC6CD6B00EC841B890A1B923B
3B698DC7876C8B6C896C876C856CF010
6C8EEE82E6E0132729201836ECF011EE
8F59B7C55545B7C5CA016CF0116E8F33
52B710B705ED82E6E81536873BAEB132
2DD9EE82E602536B84204CEE82E6E016
87595959B745E684B7141AE63BE6E22A
E787B7463A595959CE00003716C52FEA
8DAA8C6C8CB754EA8BAA8A6C8ACD00FF
33CE000016C52FEA88AA876C87B754EA
86AA856C856384E6842CB0EE82E6E013
2722E6E01487830001ED8BEE8916C540
6C8B6E89E4F011A4F0106C8BB754E48F
A48E6C89EC8BAC872606EC89AC85275F
EC8BEE8916C33B3B34EE86EE04ED86EC
4616C4336CA1EC483416C67F16C3293B
34EC86EE8416C2CF1B84EDF0196E406C
42EE866C84EC0C3BEC0A3BEE40EC8816
C2E41B882D19EE82ECE0103BEC0E3BEE
40EC4216C2E41B842E05C6016B8D8F69
8DE68D1BF0120A1B923B698FC7876C88
6C866C846C826C8C6C8AEE80E6E01327
27201636EC8DEE8B59B7C55545B7C5CA
016C8D6E8B3352B710B705ED80E6E815
36873BAEB1322DDBEE80E602536B8E20
45EE80077CE68EB7141AE63BE6E22AE7
87B7463A595959CE00003716C52FEA8A
AA896C89B754EA88AA876C87CD00FF33
CE000016C52FEA85AA846C84B754EA83
AA826C82638EE68E2CB7EC88AC842606
EC86AC822723C72015370725E680871A
E6E3F014B746E6E22AE76B403352EE80
E10223E5C6016B8F8F698FE68F1BF010
0AE6E01687595959B7453D4A8846084A
8C6B080A4A888A084A8D83080A6CA8C7
876C846C82EE80E6026B86C76C84EC00
876C824A807708E1862705E68604A14F
EC828C00EC2639EE80E6056B87C11027
04C1202608B7544A8CB2082032C11126
08B7544A8A91082026C1132608B7544A
8B8B08201A04A117B7544A8BFC08200F
EE84260B8C00EB2606EC804A901A081B
880AF632D20A7932D2C7877C31C77C31
C57C31C97C31CB7C32CD427C32CF7B32
D1180332CD31C3877C32D57C32D37B32
D77C32EF7C32ED7B32F17C32F47C32F2
7B32F67B32F77B341B0AF632D2C10618
2200DC8716C69E07D6D6074376AED2C4
F631CB04A104C6022060F632F104210B
16899125061689A17932F1F632F60421
AEFC32F4FE32F24A88A40ACD041A1689
B61825009A1689A17932F60A16897026
0EC6041689AD2717F632F126172048FE
31C3E6032704E604260EC6011689AD27
17F632F12617202FC6034A9109080A07
5F260EC6041689AD2755F632F1265020
16FE31C3E6032704E6042643C601077D
273DF632F126384A88F00A7C32EF7E32
EDC6017B32F10AF631CB04811EF632F1
04211C073C251807487932F10AF632F7
4A8A4308CC32D34A9400084A8846080A
4A89C208CC32D34A940008FE31C36202
FE31C363047331CCFE31C36303F631CC
3DFC32EFFE32ED4A88A40ACD04E20716
3DC6064A910908C6037B32F73D4A9109
08F631CB523D35B746C7873BB76416C5
513DF631CB87B745C76EAD373032C7B7
C5CAEB8A1C3B344A80770887EA81AAB1
7C32D53A7C32D3EEFBA7D81A07BE31C9
2206C6076B802019F631CAFE31C3E001
6B80200887B745436AE232D852C10723
F3FE31C3E6027B32D8C601201BEEFBA7
A28737B746E6E231CD6BEA32D8EEFBA7
92086EFBA78D3352E18023E1C6087B32
D7320A37F631CB87B745C734373032C7
B7C5CAEC8A1C3B344A80770887EA81AA
B17C32D53A7C32D3C6FF7B32D8327A32
D986FF7C32DA7B32DCF631C87B32DDFC
31C77A32DEFC31C57B32DFC6087B32D7
0A1B993BC7876C846C82EE80E60C6C82
C76C84E60B3BC7373032C76C84B754EA
83AA826C82EE80E60A87EA85AA846C84
ED82E6036B88EC84BC31C72605FC31C5
AC822605F631CBE188182600AB4A8842
0804010A4A884208C10418260088EE80
E6066B8626114A88F00A7C32F47E32F2
C6017B32F62062C1062504C6066B86E6
86FE31C36B03FE31C36B04EE80E607FD
31C3E1422425873BE688E3806C80E642
873BED82ADB32E07F631CCEB862009E0
076B87F631CCEB877B31CCE607FE31C3
6B02FE31C3E60237C60732128300076C
FBA660C6024A910908C7877C32EF7C32
ED7B32F120124A88420804410BC6064A
910908C6017B32F71B890A1B993BC787
6C846C826C86EE80E60C6C82C76C84E6
0B3BC7373032C76C84B754EA83AA826C
82EE80E60A87EA85AA846C84ED82E603
6B88EC84BC31C72630FC31C5AC822629
F631CBE18826224A884208C104261AEE
80E6086B866987E60787EA87AA866C86
7932F1C6054A9109081B890A6CA9C787
6C846C82EE80E60C6C82C76C84E60B3B
C7373032C76C84B754EA83AA826C82EE
80E60A87EA85AA846C84ED82E6036B86
EC84BC31C72618FC31C5AC822611F631
CBC1FF270AE18626064A8846082019FC
32FDAC842612FC32FBAC82260BF63303
E18626044A8C6B081B870A79340FC787
7C32FD7C32FB7C32FF7C33017C33037C
33057C3307427C340B877C34097C340D
1803340932F97B34107C34137C34117B
34157C34187C34167B341A7B32F87B34
1C0A6CA8C7876C846C826B87EE80E60C
6C82C76C84E60B3BC7373032C76C84B7
54EA83AA826C82EE80E60A87EA85AA84
6C84EE824A910D080421954A9153086B
862714FC32FDAC84260DFC32FBAC8226
064A8C6B08201FE686270EFC32FDAC84
266EFC32FBAC822667E6862604C6016B
87E68704215AEE80E6077B32FF793300
E60687FA3300BA32FF7C32FF8C06FA22
3FE605C1202608FC32FF8C04002231E6
057B3308E6037B3303E6027B3304E608
7B3305793306C7877C3301E6097B3307
EC847C32FDEC827C32FBC6014A915708
1B880A69ADF6340FC105182201C18716
C69300068F4F8F4F8DA28DE28E588F13
8F42C601FE32F96B02FE32F9C7876C00
FE32F96B05F63308C1202613F63305FE
32F96B03F63305FE32F96B04068E4FF6
3307C1FF2603F63305FE32F96B04C602
206FFE32F9E604261EF63307C1FF260B
F63305C1922502C692200AF133052202
2003F633056B04FE32F9E60587B746E6
0419EE8D00922F06C692E0056B04FE32
F9E604C1922502C6926B03FE32F9E605
EB036B054A8F7208168F5EF6341A260F
4A88F00A7C34187E3416C6017B341AC6
034A915708068F4FF6341A04211BFC34
18FE34164A88A40ACD04E2168F522509
168F6679341A576B80F6341504211BFC
3413FE34114A88A40ACD02EE168F5225
09168F66793415576B80F634100421AF
E680262A793410FE32F96202FE32F963
03FE32F96304733305723306F6330526
04C6042045FE32F9E6042704E6032641
FE32F9E605C192252F37C60732126C81
CE330934FD32FF35CD0007B761B6341C
12B746EC854BEBBEEB1B84FE32F96905
FC3301E3817C3301C6024A9157087934
15203CF63308C12027064A8FC608073E
FC32FFB33301CE330934FD32FF35B745
C607B6341C12B746B7544BEBBEEB1B84
2009F632F84A90BB0807134A8C6B081B
830A35B746C7873BB76416C5513DCC32
E04A9400083DC6054A915708C6037B32
F83DF6330387B745C734373032C7B7C5
CAEC8A1C3B344A80770887EA81AAB17C
32E23A7C32E0C6117B32E5FE32F9A603
7A32E6A6027A32E7CCFFFF7C32E8F632
FE7B32EAFC32FD7A32EBFC32FB7B32EC
C6087B32E40AF6330387B745C7343730
32C7B7C5CAEC8A1C3B344A80770887EA
81AAB17C32E23A7C32E0F633007B32E6
FC32FF7A32E7F633067B32E8C6FF7B32
E9B632FE7A32EAFC32FD7A32EBFC32FB
7B32ECCC08137C32E40A6CA9B745E603
37EC02C76C86C7876C8433F133032670
F6341A04210AC77C34187C34167B341A
F6341504210AC77C34137C34117B3415
426A82EEFBA2A2E68287B746EC8019EE
E6456BE23309EEFBA28F086EFBA28A8E
04002507FE32F9C7876C006282E682C1
0723D0EE80E605FE32F9E10226144A88
F00A7C34137E3411C6017B34157B3410
2016EC858CFF002604EC83270BC6054A
915708C6027B32F81B870A37F6330387
B745C734373032C7B7C5CAEC8A1C3B34
4A80770887EA81AAB17C32E23A7C32E0
C6FF7B32E5327A32E686FF7C32E77B32
E9F632FE7B32EAFC32FD7A32EBFC32FB
7B32ECC6087B32E40A7B32D20A1B963B
34698D6984C607A68412B745EDE2BEE9
6D8BECE2BEE76C89EC826C87EE806E85
3BADB12611EC89AC85260BC6016B8DA6
847A341C20086284E684C10D25C7E68D
1B8E0AF6340F0A7B340F0A0A3BEC873B
86B0C73BCE00FE34ED8B35EC884A923D
081B8A0A3BEC873B86B7C73BCE00FE34
ED8B35EC884A923D081B8A0A3BEC873B
86B9C73BCE00FE34ED8B35EC884A923D
081B8A0A3BEC873B86BAC73BCE00FE34
ED8B35EC884A923D081B8A0A3BEC873B
86B4C73BCE00FE34ED8B35EC884A923D
081B8A0A3BEC873B86BCC73BCE00FE34
ED8B35EC884A923D081B8A0A3BEC873B
86BBC73BCE00FE34ED8B35EC884A923D
081B8A0A3BEC873B86EBC73BCE00FE34
ED8B35EC884A923D081B8A0AC7200F37
B746E386B745E6006BEA23F1335287AC
8325ECE6847B24114A9B420A0ACCACC2
4A8BEA0A0A79341D79341E79341F7934
20793421793422C73707496DE234256D
E234236DE234276DE234296DE2342B6D
E2342D69E2342F3352C16425DBC73707
236DE239396DE239376DE2393B6DE239
3D6DE2393F6DE2394169E239433352C1
0525DB0AC60DA68212B745CD00003D1B
9337ECF0136C83ECF0116C81E6806B85
EEF015E6006B86E6016B87E6026B88E6
036B89E6046B8AE6056B8BE6066B8CE6
076B8D1A81B754344A95330A3A4A9541
081B8E0A1BF1EBC7876C8A6C886B8C6B
8D6B8E6B8F6BF0106BF0116BF0126BF0
136BF0146B87F6342227486A851A88B7
544A967F08EC8AC76C82EC88876C80EC
82EE8036343330876E826C804A8BF10A
04641AEC828CFEF12604EC80270BEC82
8CF0042608EC8026044A8B2B0AEC8A26
04EC88276D6984204BCD0000EC886B86
E684875959B745E686E1E2BF42262D86
016A87C1EA2617E68EC1EE260D1A88B7
544BFB2BBAC6016B858F6985200E1988
B764B7564BEBBF43C6016B856284E684
C1052404E68727B1E6852616E686371B
931AF0161980C60D8716C6864A807E08
1B8E1BF0150A1B93F6342127201F0146
011BF63420C10525037934201A80B754
344A94CC083A4A94AA087234201B8D0A
1B913B69836982201BC60DA68212B745
EEE23939260CB745EEE239372604C601
6B836282E682C1052404E68327DBE683
04211C1984EE80C60D8716C6861B931A
F0111980C60D16C6864A951D081B8D1B
F0110A1BF1EF37E6F01587B745C73437
3032C7B7C5CAEA8A18B746E6808734EA
81AAB16CF0106D8E6C836D81C6036B85
A6F0176A86A6F0166A87698886FF6A89
6A8A6A8B6A8C6A8DEE833435371A8B34
C6184A87140A1BF0190A1B931980B745
C60D8716C686EE8234EE8234E688371A
8A34C6184A87140A1BF0140A1B933BC7
876C846C826B866B876B886B896B8A6B
8B6B8C6B8D6B8EF634212724C60DB634
20121982C33937B745C60D8716C686C6
0DB634201287C339374A96F708733421
1A82ED80C60D8716C6861B8F0AF6341F
C105250379341FC60DB6341F12C33937
1A83B746C60D8716C68672341F723421
0A1B953BC7876C856C836B8BF6341DC1
64250E7A341DC60437C6014A824A0A1B
81EE80EC006C87EC026C89C76C85EC87
876C83EC85EE8336343330876E856C83
6982E68287595959B745EEE222D12720
EE85B746AEEA22D3260E3B4A8BDF0A31
6CEA22D76EEA22D56282E682C11625D2
6982E68287595959EE85B746AEEAB7AD
2604EC8327436282E682C14325E4E68B
2632B754C76A8C81EA2604C643201681
EC2604C644200E81EB2604C645200681
EE2606C6466B82201081D92607CC0147
6B826A8BE68B042173E6827B341DB639
DCCE39786BE47239DCF639DCC1642603
7939DCC60DB6341D12EE89B7466EEA34
25EE876EEA3423EE80E6046BEA3427E6
056BEA3428E6066BEA3429E6076BEA34
2AE6086BEA342BE6096BEA342CE60A6B
EA342DE60B6BEA342EE60C6BEA342FF6
3422C164270372342272341D1B8D0A1B
933BC7876C846C826B866B876B886B89
6B8A6B8B6B8C6B8D6B8EF6341EC16425
037A341EF639DDF139DC273ECE3978A6
E57A341E7239DDF639DDC16426037939
DDC60DB6341E121982C33423B745C60D
8716C686CE000DB751B6341E12C33423
4A96F70872341E7334221A82ED80C60D
8716C6861B8F0AB74569066905690869
07690A6909690C690B69046901690069
0369020AC787375959B745CD00006DE2
39E06DE239DE6DE239E46DE239E23352
C10125E10AF622277B26E7F622267B26
E8F62223C407862012FA22257B26E9FC
22224949497B26EAF626F0585858FA26
F17B26EBF622217B26ECF62220587B26
EDC610B6221F12CA80FA26EF7B26EE0A
1B9C4A9735087939EA793A08C7877C3A
066C8286186C804A80770886FF6C82B7
C5CAEEEA81AA806C807E39F07C39EEC6
087B39F2C787B74537E6E226E76BE239
F33352C10825EE4A8077087B39EBC601
4A99B5081B840A3BB745E6037B39FBEC
027A39FDEC00CD00007B39FCEE80A605
7A39FEA6067A39FFA6077A3A00A6087A
3A01A6097A3A02A60A7A3A03A60B7A3A
04A60C7A3A05C1EE26044A8B2B0AF639
FCC1EA260DF639FFC1EE26164A9AA408
2010C1EE260CF639FBC1FE2705C74A99
B5083A0A6CAD6982F639EAC178242286
016A8287C300808C00E826037239EAF6
39EACB80EE806B007239EAC604375220
05C60437C6094A824A0A33E6821B830A
1B90FE26F2087E26F28E0001230DC604
37C60B4A824A0A1B81207586FFC76C84
536C826986E686871A8819E6E3F015B7
D46C80E6006B406286E686C10723E687
E3F015B745E6006B87EC804A99D70804
6140E6877B39EB793A08CE00017E3A06
FC39F0E485A4843BFC39EEE485A484B7
46F639EB87EA81AA807C39F07D39EECC
01197B39E97A39EDB7014A99B5081B82
2028FC39F0E485A4843BFC39EEE485A4
84B7453ACAFE7C39F07E39EECC01017B
3A08C77C3A064A9AE0081BF0100A0A0A
CC39EE4A94AA080A367939F1F639EBF1
39FB264BCC39FE4A99D7086B80C10226
0CF639ED0401094A9A24082018046113
1C39F1FECC01017B3A08C77C3A064A9A
E0088F071CF63A06040104071420101C
39F1FEC6017B3A067B3A084A9AE00832
0AF639EB87FA39F1BA39F07C39F0C601
4A99B5083DC101260B4A994008C60437
C606200C04610F4A994808C60437C607
4A824A0A1B810A6CACC6076B838F6383
E6832D080733E1EA26E727F2E6832718
0727E1EA26E7271C2304C60120042406
C6026B82200E260C6982C60437584A82
4A0A1B81E6821B840AB714B746E382B7
45E6003D1B9B698486FFC76C82536C80
1A84B7544A98440804213D793A08C601
877C3A06FC39F0E483A4823B074CE686
873BEA83AA827C39F07E39EEC6197B39
E9A6887A39EB3ACE00004A807008C601
4A99B5081B82201FFC39F0E483A4823B
07183ACAFE7C39F07E39EEC6017B3A06
7B3A084A9AE0081B850AFC39EEE485A4
84B7453D7939F1F63A0627091C39F1FE
4A9AE0080AF639EB87FA39F1BA39F07C
39F0C6014A99B5080AF639EC2605C640
7B39ECF62221B639EC1286FF16C5250A
4A9AC908C7877C39E7527B39E64A99B5
080AFFFFFFFFFFFFFFFFFFFFFFFFFFFF
FFFFFFFFFFFFFFFFFFFFFFFFFFFFFFFF
FFFFFFFFFFFFFFFFFFFFFFFFFFFFFFFF
FFFFFFFFFFFFFFFFFFFFFFFFFFFFFFFF
FFFFFFFFFFFFFFFFFFFFFFFFFFFFFFFF
FFFFFFFFFFFFFFFFFFFFFFFFFFFFFFFF
FFFFFFFFFFFFFFFFFFFFFFFFFFFFFFFF
FFFFFFFFFFFFFFFFFFFFFFFFFFFFFFFF
FFFFFFFFFFFFFFFFFFFFFFFFFFFFFFFF
FFFFFFFFFFFFFFFFFFFFFFFFFFFFFFFF
FFFFFFFFFFFFFFFFFFFFFFFFFFFFFFFF
FFFFFFFFFFFFFFFFFFFFFFFFFFFFFFFF
FFFFFFFFFFFFFFFFFFFFFFFFFFFFFFFF
FFFFFFFFFFFFFFFFFFFFFFFFFFFFFFFF
FFFFFFFFFFFFFFFFFFFFFFFFFFFFFFFF
FFFFFFFFFFFFFFFFFFFFFFFFFFFFFFFF
FFFFFFFFFFFFFFFFFFFFFFFFFFFFFFFF
FFFFFFFFFFFFFFFFFFFFFFFFFFFFFFFF
FFFFFFFFFFFFFFFFFFFFFFFFFFFFFFFF
FFFFFFFFFFFFFFFFFFFFFFFFFFFFFFFF
FFFFFFFFFFFFFFFFFFFFFFFFFFFFFFFF
FFFFFFFFFFFFFFFFFFFFFFFFFFFFFFFF
FFFFFFFFFFFFFFFFFFFFFFFFFFFFFFFF
FFFFFFFFFFFFFFFFFFFFFFFFFFFFFFFF
FFFFFFFFFFFFFFFFFFFFFFFFFFFFFFFF
FFFFFFFFFFFFFFFFFFFFFFFFFFFFFFFF
FFFFFFFFFFFFFFFFFFFFFFFFFFFFFFFF
FFFFFFFFFFFFFFFFFFFFFFFFFFFFFFFF
FFFFFFFFFFFFFFFFFFFFFFFFFFFFFFFF
FFFFFFFFFFFFFFFFFFFFFFFFFFFFFFFF
FFFFFFFFFFFFFFFFFFFFFFFFFFFFFFFF
FFFFFFFFFFFFFFFFFFFFFFFFFFFFFFFF
FFFFFFFFFFFFFFFFFFFFFFFFFFFFFFFF
FFFFFFFFFFFFFFFFFFFFFFFFFFFFFFFF
FFFFFFFFFFFFFFFFFFFFFFFFFFFFFFFF
FFFFFFFFFFFFFFFFFFFFFFFFFFFFFFFF
FFFFFFFFFFFFFFFFFFFFFFFFFFFFFFFF
FFFFFFFFFFFFFFFFFFFFFFFFFFFFFFFF
FFFFFFFFFFFFFFFFFFFFFFFFFFFFFFFF
FFFFFFFFFFFFFFFFFFFFFFFFFFFFFFFF
FFFFFFFFFFFFFFFFFFFFFFFFFFFFFFFF
FFFFFFFFFFFFFFFFFFFFFFFFFFFFFFFF
FFFFFFFFFFFFFFFFFFFFFFFFFFFFFFFF
FFFFFFFFFFFFFFFFFFFFFFFFFFFFFFFF
FFFFFFFFFFFFFFFFFFFFFFFFFFFFFFFF
FFFFFFFFFFFFFFFFFFFFFFFFFFFFFFFF
FFFFFFFFFFFFFFFFFFFFFFFFFFFFFFFF
FFFFFFFFFFFFFFFFFFFFFFFFFFFFFFFF
FFFFFFFFFFFFFFFFFFFFFFFFFFFFFFFF
FFFFFFFFFFFFFFFFFFFFFFFFFFFFFFFF
FFFFFFFFFFFFFFFFFFFFFFFFFFFFFFFF
FFFFFFFFFFFFFFFFFFFFFFFFFFFFFFFF
FFFFFFFFFFFFFFFFFFFFFFFFFFFFFFFF
FFFFFFFFFFFFFFFFFFFFFFFFFFFFFFFF
FFFFFFFFFFFFFFFFFFFFFFFFFFFFFFFF
FFFFFFFFFFFFFFFFFFFFFFFFFFFFFFFF
FFFFFFFFFFFFFFFFFFFFFFFFFFFFFFFF
FFFFFFFFFFFFFFFFFFFFFFFFFFFFFFFF
FFFFFFFFFFFFFFFFFFFFFFFFFFFFFFFF
FFFFFFFFFFFFFFFFFFFFFFFFFFFFFFFF
FFFFFFFFFFFFFFFFFFFFFFFFFFFFFFFF
FFFFFFFFFFFFFFFFFFFFFFFFFFFFFFFF
FFFFFFFFFFFFFFFFFFFFFFFFFFFFFFFF
FFFFFFFFFFFFFFFFFFFFFFFFFFFFFFFF
FFFFFFFFFFFFFFFFFFFFFFFFFFFFFFFF
FFFFFFFFFFFFFFFFFFFFFFFFFFFFFFFF
FFFFFFFFFFFFFFFFFFFFFFFFFFFFFFFF
FFFFFFFFFFFFFFFFFFFFFFFFFFFFFFFF
FFFFFFFFFFFFFFFFFFFFFFFFFFFFFFFF
FFFFFFFFFFFFFFFFFFFFFFFFFFFFFFFF
FFFFFFFFFFFFFFFFFFFFFFFFFFFFFFFF
FFFFFFFFFFFFFFFFFFFFFFFFFFFFFFFF
FFFFFFFFFFFFFFFFFFFFFFFFFFFFFFFF
FFFFFFFFFFFFFFFFFFFFFFFFFFFFFFFF
FFFFFFFFFFFFFFFFFFFFFFFFFFFFFFFF
FFFFFFFFFFFFFFFFFFFFFFFFFFFFFFFF
FFFFFFFFFFFFFFFFFFFFFFFFFFFFFFFF
FFFFFFFFFFFFFFFFFFFFFFFFFFFFFFFF
FFFFFFFFFFFFFFFFFFFFFFFFFFFFFFFF
FFFFFFFFFFFFFFFFFFFFFFFFFFFFFFFF
FFFFFFFFFFFFFFFFFFFFFFFFFFFFFFFF
FFFFFFFFFFFFFFFFFFFFFFFFFFFFFFFF
FFFFFFFFFFFFFFFFFFFFFFFFFFFFFFFF
FFFFFFFFFFFFFFFFFFFFFFFFFFFFFFFF
FFFFFFFFFFFFFFFFFFFFFFFFFFFFFFFF
FFFFFFFFFFFFFFFFFFFFFFFFFFFFFFFF
FFFFFFFFFFFFFFFFFFFFFFFFFFFFFFFF
FFFFFFFFFFFFFFFFFFFFFFFFFFFFFFFF
FFFFFFFFFFFFFFFFFFFFFFFFFFFFFFFF
FFFFFFFFFFFFFFFFFFFFFFFFFFFFFFFF
FFFFFFFFFFFFFFFFFFFFFFFFFFFFFFFF
FFFFFFFFFFFFFFFFFFFFFFFFFFFFFFFF
FFFFFFFFFFFFFFFFFFFFFFFFFFFFFFFF
FFFFFFFFFFFFFFFFFFFFFFFFFFFFFFFF
FFFFFFFFFFFFFFFFFFFFFFFFFFFFFFFF
FFFFFFFFFFFFFFFFFFFFFFFFFFFFFFFF
FFFFFFFFFFFFFFFFFFFFFFFFFFFFFFFF
FFFFFFFFFFFFFFFFFFFFFFFFFFFFFFFF
FFFFFFFFFFFFFFFFFFFFFFFFFFFFFFFF
FFFFFFFFFFFFFFFFFFFFFFFFFFFFFFFF
FFFFFFFFFFFFFFFFFFFFFFFFFFFFFFFF
FFFFFFFFFFFFFFFFFFFFFFFFFFFFFFFF
FFFFFFFFFFFFFFFFFFFFFFFFFFFFFFFF
FFFFFFFFFFFFFFFFFFFFFFFFFFFFFFFF
FFFFFFFFFFFFFFFFFFFFFFFFFFFFFFFF
FFFFFFFFFFFFFFFFFFFFFFFFFFFFFFFF
FFFFFFFFFFFFFFFFFFFFFFFFFFFFFFFF
FFFFFFFFFFFFFFFFFFFFFFFFFFFFFFFF
FFFFFFFFFFFFFFFFFFFFFFFFFFFFFFFF
FFFFFFFFFFFFFFFFFFFFFFFFFFFFFFFF
FFFFFFFFFFFFFFFFFFFFFFFFFFFFFFFF
FFFFFFFFFFFFFFFFFFFFFFFFFFFFFFFF
FFFFFFFFFFFFFFFFFFFFFFFFFFFFFFFF
FFFFFFFFFFFFFFFFFFFFFFFFFFFFFFFF
FFFFFFFFFFFFFFFFFFFFFFFFFFFFFFFF
FFFFFFFFFFFFFFFFFFFFFFFFFFFFFFFF
FFFFFFFFFFFFFFFFFFFFFFFFFFFFFFFF
FFFFFFFFFFFFFFFFFFFFFFFFFFFFFFFF
FFFFFFFFFFFFFFFFFFFFFFFFFFFFFFFF
FFFFFFFFFFFFFFFFFFFFFFFFFFFFFFFF
FFFFFFFFFFFFFFFFFFFFFFFFFFFFFFFF
FFFFFFFFFFFFFFFFFFFFFFFFFFFFFFFF
FFFFFFFFFFFFFFFFFFFFFFFFFFFFFFFF
FFFFFFFFFFFFFFFFFFFFFFFFFFFFFFFF
FFFFFFFFFFFFFFFFFFFFFFFFFFFFFFFF
FFFFFFFFFFFFFFFFFFFFFFFFFFFFFFFF
FFFFFFFFFFFFFFFFFFFFFFFFFFFFFFFF
FFFFFFFFFFFFFFFFFFFFFFFFFFFFFFFF
FFFFFFFFFFFFFFFFFFFFFFFFFFFFFFFF
FFFFFFFFFFFFFFFFFFFFFFFFFFFFFFFF
FFFFFFFFFFFFFFFFFFFFFFFFFFFFFFFF
FFFFFFFFFFFFFFFFFFFFFFFFFFFFFFFF
FFFFFFFFFFFFFFFFFFFFFFFFFFFFFFFF
FFFFFFFFFFFFFFFFFFFFFFFFFFFFFFFF
FFFFFFFFFFFFFFFFFFFFFFFFFFFFFFFF
FFFFFFFFFFFFFFFFFFFFFFFFFFFFFFFF
FFFFFFFFFFFFFFFFFFFFFFFFFFFFFFFF
FFFFFFFFFFFFFFFFFFFFFFFFFFFFFFFF
FFFFFFFFFFFFFFFFFFFFFFFFFFFFFFFF
FFFFFFFFFFFFFFFFFFFFFFFFFFFFFFFF
FFFFFFFFFFFFFFFFFFFFFFFFFFFFFFFF
FFFFFFFFFFFFFFFFFFFFFFFFFFFFFFFF
FFFFFFFFFFFFFFFFFFFFFFFFFFFFFFFF
FFFFFFFFFFFFFFFFFFFFFFFFFFFFFFFF
FFFFFFFFFFFFFFFFFFFFFFFFFFFFFFFF
0A2601073F8000000000000000004040
00000001070200092C01013F80000000
0000000000404000000001070201092E
01013F80000000000000000040400000
0001050202093001013F800000000000
00000040400000000103020309320106
3F800000000000000000404000000001
050204093401063F8000000000000000
00404000000001070205093601053F80
00000000000000004040000000010302
06093801053F80000000000000000040
4000000001050207093A01053F800000
00000000000040400000000107020809
3C01063F800000000000000000404000
000001010209093E01063F8000000000
0000000040400000000103020A094001
023F8000000000000000004040000000
0107020B094201023F80000000000000
000040400000000105020C094401033F
80000000000000000040400000000107
020D094601033F800000000000000000
40400000000105020E094801033F8000
0000000000000040400000000103020F
094A01043F8000000000000000004040
00000001070210094C01043F80000000
0000000000404000000001050211094E
01043F80000000000000000040400000
0001030212095001043F800000000000
00000040400000000101021309520102
3F800000000000000000404000000001
030214095401023F8000000000000000
00404000000001010215095601053F80
00000000000000004040000000010102
16095801033F80000000000000000040
4000000001010217095A01083F800000
00000000000040400000000107021809
6001083F800000000000000000404000
000001050219096201083F8000000000
0000000040400000000103021A096401
013F8000000000000000004040000000
0101021B096701073F80000000000000
000040400000000105021C0A1A02063D
CCCCCD00000000000045C8CC00000000
001D0A1B01083F800000000000000000
40E00000000106031E00F10102408000
00000000000000447A0000000000001F
00F202033D000000FEEFC388800044D8
E00000000000200A2301083F80000000
0000000000437A000000000000210740
01043F80000000000000000040400000
0001070222071C01013F800000000000
000000404000000001050223071D0101
3F800000000000000000417000000001
010424070F02013A800000FFE1C1FAFD
F441FAFDF40000000025071002043900
0000FFFDC07AE148407AE14800000000
26071102063A000000FFF1C17AFDF441
7AFDF40000000027071201083DCCCCCD
FFF4C148000041480000000000002807
1301033F800000FFE0C200000041E800
000001010629064B02013F8000000000
000000003F800000000107022A064C01
013F80000000000000000040E0000000
0101032B064D01013F80000000000000
000040E00000000104032C064E01023F
8000000000000000003F800000000107
022D064F01023F800000000000000000
3F800000000105022E065001033F8000
000000000000003F800000000105022F
065101023F8000000000000000004170
00000001010430065201033F80000000
00000000004170000000010104310653
01043F8000000000000000003F800000
0001070232065802073B800000000000
000000437AFEFA000000003306E00203
41200000000000000000491CDF600000
00003406310201412000000000000000
00491CDF600000000035063201013F80
0000000000000000437A000000000000
36063301023F80000000000000000043
7A00000000000037063401033F800000
000000000000437A0000000000003806
3501043F80000000000000000040E000
000001040339063601043F8000000000
0000000040E00000000101033A063702
053C000000FF06C37A0000437BFDF400
0000003B070401073F80000000000000
000040400000000105023C070501073F
80000000000000000040400000000103
023D070601073F800000000000000000
40400000000101023E040A04013D4CCC
CD0000000000004D48CCCD000000003F
040B04053D4CCCCD0000000000004D48
CCCD0000000040040C04093D4CCCCD00
00000000004D48CCCD0000000041040D
040D3D4CCCCD0000000000004D48CCCD
0000000042045901013F800000FF83C2
FA000042FA00000000000043045A0103
3F800000FF83C2FA000042FA00000000
000044045B01023F800000FF83C2FA00
0042FA0000000000004503FC02013F80
0000000000000000477AFF0000000000
4603FD02033F80000000000000000047
7AFF00000000004703FE02053F800000
000000000000477AFF00000000004803
FF02073F800000000000000000477AFF
000000000049046101013F8000000000
000000003F800000000107024A023101
013F8000000000000000003F80000000
0101024B023201013F80000000000000
00003F800000000103024C023301013F
8000000000000000003F800000000105
024D023F01033F800000000000000000
3F800000000101024E024001033F8000
000000000000003F800000000103024F
024101033F8000000000000000003F80
00000001050250020901023ECCCCCD00
000000000042C80000000000005103F5
02013E00000000000000000045FAFF00
000000005203F602033E000000000000
00000045FAFF00000000005303F90407
3D4CCCCD0000000000004D48CCCD0000
00005403E904013F0000000000000000
004EFB0000000000005503EC040D3F00
00000000000000004EFB000000000000
5603ED04113F0000000000000000004E
FB0000000000005703EE02153B000000
00000000000042FB0000000000005800
4601013F8000000000000000003F8000
000001030259005402023B8000000000
00000000437AFEFA000000005A005601
063F800000000000000000437A000000
0000005B025301043F80000000000000
00003F800000000101025C025401043F
8000000000000000003F800000000103
025D025501043F800000000000000000
40400000000105025E025601043F8000
0000000000000040400000000107025F
020F01073F80000000000000000040E0
00000001060360025701053F80000000
00000000003F80000000010102610259
01053F8000000000000000003F800000
0001050262025A01053F800000000000
0000003F800000000107026300450101
3F8000000000000000003F8000000001
010264004F02073D000000FEEFC38880
0044D8E0000000000065006C01013F00
000000000000000042FA000000000000
6600AA02023D000000FEEFC388800044
D8E000000000006700AB02043D000000
FEEFC388800044D8E000000000006802
0502033B800000000000000000437AFE
FA0000000069024402073E000000F63C
C51C400045ACDF00000000006A024702
053C000000FF38C34800004396FEB800
0000006B024A05013F80000000000000
00004F800000000000006C024B14053F
8000000000000000004F800000000000
006D024C14093F800000000000000000
4F800000000000006E00740101408000
00000000000000447A0000000000006F
0075010240800000000000000000447A
00000000000070007601034080000000
0000000000447A00000000000071004A
01013F800000000000000000437A0000
0000000072005701023F800000000000
000000437A0000000000007300580103
3F800000000000000000437A00000000
00007400F404013E0000000000000000
004DFB0000000000007500F504053E00
000000003F8000004DFB000000000000
7600B402044000000000000000000047
FAFF00000000007700B5020640000000
00000000000047FAFF00000000007800
6001023ECCCCCD00000000000042C800
00000000007900A902053D000000FEEF
C388800044D8E000000000007A007301
023F800000FF83C2FA000042FA000000
0000007B00A702033D4CCCCD00000000
00004548CC00000000007C007201013F
800000FF83C2FA000042FA0000000000
007D009E02073D4CCCCD000000000000
4548CC00000000007E0248040133D6BF
95FF2EC3520000435319CF000000007F
0249040533D6BF95FF2EC35200004353
19CF0000000080038701023F80000000
00000000003F8000000001050281025C
01023F8000000000000000003F800000
000103028200F804053D4CCCCD000000
0000004D48CCCD000000008300F60401
3D4CCCCD0000000000004D48CCCD0000
00008400F90405447A00000000000000
004EEFFFF8000000008500F704013D4C
CCCD00003F8000004D48CCCD00000000
8600B604013F0000000000000000004E
FB0000000000008700FA04053F000000
00003F8000004EFB0000000000008800
64010440800000000000000000447A00
000000000089007B0101418000000000
00000000457A0000000000008A020001
023F800000FF83C2FA000042FA000000
0000008B020101033F800000FF83C2FA
000042FA0000000000008C00BE02043E
00000000000000000045FAFF00000000
008D00EDC8013F800000000000000000
437F0000000000008E020302023E0000
0000000000000045FAFF00000000008F
020A01043ECCCCCD00000000000042C8
00000000000090023001013F80000000
00000000003F800000000101029103FA
02013B800000000000000000437AFEFA
000000009203FB04033E000000000000
0000004DFB0000000000009304050205
3D4CCCCD0000000000004548CC000000
00009403E704053E0000000000000000
004DFB0000000000009503E804093E00
00000000000000004DFB000000000000
9603E604013E0000000000000000004D
FB0000000000009704DF02023F000000
00000000000046FAFF0000000000980A
F302013F800000000000000000477AFF
000000000099009002013F0000000000
0000000046FAFF00000000009A009102
033F00000000000000000046FAFF0000
0000009B009202053F00000000000000
000046FAFF00000000009C008E02033F
00000000000000000046FAFF00000000
009D008F02053F000000000000000000
46FAFF00000000009E00BC02013E0000
0000000000000045FAFF00000000009F
00A602013F00000000000000000046FA
FF0000000000A000BD02033E00000000
000000000045FAFF0000000000A10708
01013F800000FFD8C220000043520000
00000000A2070901023F800000FFD8C2
2000004352000000000000A307180102
3F800000000000000000404000000001
0102A4071901023F8000000000000000
004040000000010502A506D101053F80
00000000000000004040000000010302
A606CD01043F80000000000000000041
70000000010504A706CE01043F800000
0000000000004170000000010104A806
EC01054200000000000000000045FA00
0000000000A906ED0106420000000000
0000000045FA000000000000AA06F801
014200000000000000000045FA000000
000000AB06F901024200000000000000
000045FA000000000000AC006E01013F
800000FFD8C220000043520000000000
00AD00AE01023F8000000000C2200000
4352000000000000AE040004013D4CCC
CD0000000000004D48CCCD00000000AF
040104053D4CCCCD0000000000004D48
CCCD00000000B0040204093D4CCCCD00
00000000004D48CCCD00000000B1005B
01023ECCCCCD00000000000042C80000
00000000B2005C01033F800000000000
000000437A000000000000B3022E0101
3F800000000000000000404000000001
0102B4022F01013F8000000000000000
003F80000000010302B5059D01013F80
00000000000000003F80000000010502
B600B702013D4CCCCD00000000000045
48CC0000000000B700B802033B000000
00000000000042FB000000000000B800
B902053B00000000000000000042FB00
0000000000B9003301073ECCCCCD0000
0000000042C8000000000000BA03DE04
013E0000000000000000004DFB000000
000000BB03DF04053E00000000000000
00004DFB000000000000BC03E004093E
0000000000000000004DFB0000000000
00BD03E1040D3F800000000000000000
4F7C000000000000BE072A02013D4CCC
CD0000000000004548CC0000000000BF
072B02033B00000000000000000042FB
000000000000C0065902013F80000000
0000000000437F000000000000C1065A
02033F800000000000000000437F0000
00000000C2039504013BA3D70A00003F
8000004BA0A3D700000000C303960405
40A000000000000000004BA0A3D70000
0000C4025101013F8000000000000000
003F80000000010102C5045501053F80
00000000000000003F80000000010302
C6045601053F8000000000000000003F
80000000010102C7023401033F800000
0000000000003F80000000010102C802
3501033F8000000000000000003F8000
0000010302C9023601033F8000000000
000000003F80000000010502CA03E204
013D4CCCCD0000000000004D48CCCD00
000000CB03E404093D4CCCCD00000000
00004D48CCCD00000000CC03E5040D3D
4CCCCD0000000000004D48CCCD000000
00CD03D401063F800000000000000000
3F80000000010102CE03D501073F8000
000000000000003F80000000010702CF
03D601073F8000000000000000003F80
000000010502D003D801073F80000000
00000000003F80000000010102D1020B
01043F800000FF83C2FA000042FA0000
00000000D2020C01013F800000FF83C2
FA000042FA000000000000D3020E0202
3A83126F0000000000004280828F0000
0000D400EC04013F0000000000000000
004EFB000000000000D500EB04053D4C
CCCD0000000000004D48CCCD00000000
D602B701013F80000000000000000040
00000000010102D70B3C01023F800000
0000000000004170000000010104D809
3F01023F800000000000000000404000
0000010702D9094101023F8000000000
000000004040000000010502DAFE4006
00001DA400FEF406000004A69BFDE506
000001A6F7E00006000001A70EFE4E06
000002A725F00906000005A753FE6C06
00000AA7C6FE7006000002A8ACFE6F06
000009A8DAFEB006000004A9A9FEAB06
000003AA05FEB506000004AA4AF00106
000008AAA6FEB706000003AB5EFEB906
000004ABA3FEF10600000CABFFFEF506
000004AD13FEE806000003AD6FFEEB06
000003ADB4FEFA06000003ADF9FEED06
000003AE3EFEE006000002AE83FEEA06
000002AEB1FEFC06000002AEDFFEF706
000004AF0DFEF306000002AF69FEC306
000002AF97FEE706000002AFC5FEE506
000002AFF3FEE906000002B021FEEF06
000001B04FFEF806000001B066F00406
000003B07DFEEC06000001B0C2FEDF06
000001B0D9F00206000002B0F0FEB606
000002B11EFEB306000001B14CFEBA06
000003B163FE9006000001B1A8FDD206
000001B1BFFE7A06000003B1D6FE7906
000002B21BFEE306000001B249FEBE06
000002B260FE5006000002B28EFE4F06
000002B2BCFE5A06000003B2EAFE5406
000002B32FCF0006000002B35DFEEE06
000002B38BFEB406000003B3B9F00306
000005B3FEFEF206000004B471FEBC06
000004B4CDFE4D06000002B529FE6B06
000002B557FEC106000002B585FEE406
000003B5B3F00606000003B5F8FEBB06
000003B63DFEF006000004B682F00506
000003B6DEFEDC06000002B723000006
000001B751FDCC06000001B768FE4106
000002B77F0A26A400FE40092CA417FE
40092EA42EFE400930A445FE400932A4
5CFE400934A473FE400936A48AFE4009
38A4A1FE40093AA4B8FE40093CA4CFFE
40093EA4E6FE400940A4FDFE400942A5
14FE400944A52BFE400946A542FE4009
48A559FE40094AA570FE40094CA587FE
40094EA59EFE400950A5B5FE400952A5
CCFE400954A5E3FE400956A5FAFE4009
58A611FE40095AA628FE400960A63FFE
400962A656FE400964A66DFE400967A6
84FE400A1AA69BFEF40A1BA6B2FEF400
F1A6C9FEF400F2A6E0FEF40A23A6F7FD
E50740A70EE000071CA725FE4E071DA7
3CFE4E070FA753F0090710A76AF00907
11A781F0090712A798F0090713A7AFF0
09064BA7C6FE6C064CA7DDFE6C064DA7
F4FE6C064EA80BFE6C064FA822FE6C06
50A839FE6C0651A850FE6C0652A867FE
6C0653A87EFE6C0658A895FE6C06E0A8
ACFE700631A8C3FE700632A8DAFE6F06
33A8F1FE6F0634A908FE6F0635A91FFE
6F0636A936FE6F0637A94DFE6F0704A9
64FE6F0705A97BFE6F0706A992FE6F04
0AA9A9FEB0040BA9C0FEB0040CA9D7FE
B0040DA9EEFEB00459AA05FEAB045AAA
1CFEAB045BAA33FEAB03FCAA4AFEB503
FDAA61FEB503FEAA78FEB503FFAA8FFE
B50461AAA6F0010231AABDF0010232AA
D4F0010233AAEBF001023FAB02F00102
40AB19F0010241AB30F0010209AB47F0
0103F5AB5EFEB703F6AB75FEB703F9AB
8CFEB703E9ABA3FEB903ECABBAFEB903
EDABD1FEB903EEABE8FEB90046ABFFFE
F10054AC16FEF10056AC2DFEF10253AC
44FEF10254AC5BFEF10255AC72FEF102
56AC89FEF1020FACA0FEF10257ACB7FE
F10259ACCEFEF1025AACE5FEF10045AC
FCFEF1004FAD13FEF5006CAD2AFEF500
AAAD41FEF500ABAD58FEF50205AD6FFE
E80244AD86FEE80247AD9DFEE80074AD
F9FEFA0075AE10FEFA0076AE27FEFA00
4AAE3EFEED0057AE55FEED0058AE6CFE
ED00F4AE83FEE000F5AE9AFEE000B4AE
B1FEEA00B5AEC8FEEA0060AEDFFEFC00
A9AEF6FEFC0073AF0DFEF700A7AF24FE
F70072AF3BFEF7009EAF52FEF70248AF
69FEF30249AF80FEF30387AF97FEC302
5CAFAEFEC300F8AFC5FEE700F6AFDCFE
E700F9AFF3FEE500F7B00AFEE500B6B0
21FEE900FAB038FEE90064B04FFEEF00
7BB066FEF80200B07DF0040201B094F0
0400BEB0ABF0040203B0D9FEDF020AB0
F0F0020230B107F00203FAB11EFEB603
FBB135FEB60405B14CFEB303E7B163FE
BA03E8B17AFEBA03E6B191FEBA04DFB1
A8FE900AF3B1BFFDD20090B1D6FE7A00
91B1EDFE7A0092B204FE7A008EB21BFE
79008FB232FE7900BCB249FEE300A6B2
60FEBE00BDB277FEBE0708B28EFE5007
09B2A5FE500718B2BCFE4F0719B2D3FE
4F06D1B2EAFE5A06CDB301FE5A06CEB3
18FE5A06ECB32FFE5406EDB346FE5406
F8B35DCF0006F9B374CF00006EB38BFE
EE00AEB3A2FEEE0400B3B9FEB40401B3
D0FEB40402B3E7FEB4005BB3FEF00300
5CB415F003022EB42CF003022FB443F0
03059DB45AF00300B7B471FEF200B8B4
88FEF200B9B49FFEF20033B4B6FEF203
DEB4CDFEBC03DFB4E4FEBC03E0B4FBFE
BC03E1B512FEBC072AB529FE4D072BB5
40FE4D0659B557FE6B065AB56EFE6B03
95B585FEC10396B59CFEC10251B5B3FE
E40455B5CAFEE40456B5E1FEE40234B5
F8F0060235B60FF0060236B626F00603
E2B63DFEBB03E4B654FEBB03E5B66BFE
BB03D4B682FEF003D5B699FEF003D6B6
B0FEF003D8B6C7FEF0020BB6DEF00502
0CB6F5F005020EB70CF00500ECB723FE
DC00EBB73AFEDC02B7B75100000B3CB7
68FDCC093FB77FFE410941B796FE4100
00000000000000000000000000000000
000000000000000000EE009880080000
D700915B080000FFFE915B080000FECA
915B080000FEB0915C080000FEB79174
080000FEB9918C080000FEBA91A40800
00FEB491BC080000FEBC91D4080000FE
BB91EC080000FEEB9204080000FEEC92
1C08EA87CD08EC87CD08EB87CD08EE97
D708D9000000FFFFFFFFFFFFFFFFFFFF
FFFFFFFFFFFFFFFFFFFFFFFFFFFFFFFF
FFFFFFFFFFFFFFFFFFFFFFFFFFFFFFFF
FFFFFFFFFFFFFFFFFFFFFFFFFFFFFFFF
FFFFFFFFFFFFFFFFFFFFFFFFFFFFFFFF
FFFFFFFFFFFFFFFFFFFFFFFFFFFFFFFF
FFFFFFFFFFFFFFFFFFFFFFFFFFFFFFFF
FFFFFFFFFFFFFFFFFFFFFFFFFFFFFFFF
FFFFFFFFFFFFFFFFFFFFFFFFFFFFFFFF
FFFFFFFFFFFFFFFFFFFFFFFFFFFFFFFF
FFFFFFFFFFFFFFFFFFFFFFFFFFFFFFFF
3B69816980C60CA68012B745E6E2B80A
CD3C16A6ED04200F0FE2B80A0F09A681
CE3BFB6BE462816280E680C11423D6E6
817B3C103A0A6CA81B9C698BF63E5A87
8300016C89698806818B6987068172C6
0CA68712B746E68887E384B745E60087
6C80ECEAB8093BECEAB8073BCE0000EC
846D8616C551182600F6C6016B8BED82
1AEAB800EC012608E6EAB800182700E0
E68887C30001E3843BC60CA68912B746
3A4BEBB80069861681AEEEE22381272F
B745E6E22381A6E2238204211A1681A0
2615351681B76CEA23856EEA238330EC
E2B8036CEA23876286E686C10125C869
861681AEEEE22389272FB745E6E22389
A6E2238A04211A1681A02615351681B7
6CEA238D6EEA238B30ECE2B8036CEA23
8F6286E686C10325C869861681AEEEE2
23A1272DB745E6E223A1A6E223A20421
18076D261435077F6CEA23A56EEA23A3
30ECE2B8036CEA23A76286E686C10A25
CAC60CA68712B745E6E2B80B87B745E6
8819E6B761526B8808EC8934A3B16C89
6287E687C1152408E68B04010306804F
E68B2605C7876C898F698BEC891826FE
B9793E58F6278626044A8B220A1B8C0A
36C60CA68A12B74633E1EAB80A3DE688
87595959B7453D344A8BDF0A313D6BAB
C6017B3BE6C720108737B746E389B745
E6006BEA3BE73352E18025ECCC3BE66C
81E68087C300016C831A81B7544A8AC0
091B850A1B973B3B698B698CC7876C84
EE82ED006D87EC026C8969862064C60C
A68612EE89B746AEEAB8092653EE87AE
EAB807264BC6016B8BECEAB803273B6C
80E6EAB80BC104231787E3846C84EC80
3BE68E87E3F0123BE6894A8924092016
EE841A046E84EC803BE68E87E3F0123B
E6894A8905091B842006698BC7876C84
6286E686C1152405E68B043191EC841B
8D0A1B983B1B9C6986C7876C876B8DC6
0CA68D12B745E6E2B80ACD3C16A6ED04
208B0FE2B80A0F02200306832DECE2B8
096C8BECE2B8076C89E6863687E3856E
81B745336B00EC896E826B01EC8B6A02
E68C6B03ED80E6EAB80BC104232C87C3
0006E3876C876904E6EAB80B6B05ECEA
B8033B07473BE6EAB80B4A892409EEA3
E6E2B80BCB06EB862021EE871A0A6E87
C60487EE826C04ECEAB8033B071E3BC6
044A8905091B84E686CB0A6B86628DE6
8DC1141823FF58EC871B8E0AE68A87C3
0006E3883D6CAC69836982C60CA68212
B745E6E2B80ACD3C16A6ED04201D0FE2
B80A0F17E683875959E380B746ECE2B8
076C40ECE2B8096C4262836282E682C1
1423C8E6837B3C108759591B840A6CA8
B745E60187B705B756EE803BE60087B7
81C7B7C6B7C6EA81AA80EE826C80E602
87B745C734373032C735EA81AAB1B7C5
EA81AA80ED826C80E6438734EA81AAB1
6C873A6C83C61F6B876982E687ED85EE
8316C540C401270BE6828601CE3C176A
E52007E682CE3C1769E563876282E682
C12025D74A8000091B880AB745E600C4
80860716C51DB70516C33B7C3DA07E3D
9E0AB745E600B710C73BE60187EA81AA
80CE000016C33B7C3D3C7E3D3A3A0AB7
45E60087B70516C33BCD000035CDC220
3516C2CF1B847C3D407E3D3E0A3B3BB7
45E60087B70516C33BCD0000356C82CC
43803BEC8416C4331B84ED823BE64187
34B70516C33B3B34EC86EE8416C2CFCD
00006DA1CD40803516C4477C3D447E3D
421B8C0AB745E60087B70516C33B7C3D
487E3D460AB745E60087B70516C33BCD
000035CDC2203516C2CF1B847C3D4C7E
3D4A0AB745E60087B70516C33BCD3333
35CD40233516C4471B847C3D507E3D4E
0A3B3BB745E60087B70516C33BCD0000
356C82CC43803BEC8416C4331B84ED82
3BE6418734B70516C33B3B34EC86EE84
16C2CF7C3D587E3D561B8C0A6CA8B745
E60187B705B756EE803BE60087B781C7
B7C6B7C6EA81AA80EE826C80E60287B7
45C734373032C735EA81AAB1B7C5EA81
AA80ED826C80E6438734EA81AAB16C87
3A6C83C61F6B87526B82E687ED85EE83
16C540C401270BE6828601CE3C176AE5
2007E682CE3C1769E563876282E682C1
4025D74A8000091B880A6CA8B745E601
87B705B756EE803BE60087B781C7B7C6
B7C6EA81AA80EE826C80E60287B745C7
34373032C735EA81AAB1B7C5EA81AA80
ED826C80E6438734EA81AAB16C873A6C
83CC401F6B876A82E687ED85EE8316C5
40C401270BE6828601CE3C176AE52007
E682CE3C1769E563876282E682C16025
D74A8000091B880AB745E60087B70516
C33BCD000035CDC2203516C2CF1B847C
3D6C7E3D6A0AB745E60087B70516C33B
CD000035CDC2203516C2CF1B847C3D74
7E3D720A3B3BB745E60087B70516C33B
CD0000356C82CC43803BEC8416C4331B
84ED823BE6418734B70516C33B3B34EC
86EE8416C2CFCD00006DA16C868643C7
3BEC8816C4476DA1CDC3523516C2CF7C
3D787E3D761B8C0A6CA8B745E60187B7
05B756EE803BE60087B781C7B7C6B7C6
EA81AA80EE826C80E60287B745C73437
3032C735EA81AAB1B7C5EA81AA80ED82
6C80E6438734EA81AAB16C873A6C83CC
601F6B876A82E687ED85EE8316C540C4
01270BE6828601CE3C176AE52007E682
CE3C1769E563876282E682C18025D74A
8000091B880A3B3BB745E60087B70516
C33BCD0000356C82CC43803BEC8416C4
331B84ED823BE6418734B70516C33B3B
34EC86EE8416C2CF7C3D8C7E3D8A1B8C
0AB745E60087B70516C33B7C3D907E3D
8E0A3B3BB745E60087B70516C33BCD00
00356C82CC43803BEC8416C4331B84ED
823BE6418734B70516C33B3B34EC86EE
8416C2CFCD00006DA1CD42C83516C447
7C3D947E3D921B8C0AB745E60087B705
16C33BCD333335CD40233516C4471B84
7C3D987E3D960AB745E60087B70516C3
3BCD333335CD40233516C4471B847C3D
9C7E3D9A0A0A3BEE856900CC3C363BC6
804A8839091B82C720108737B746E381
B745E6006BEA3C363352EE85E10223EA
CC3C364A9B940A3A0A37EE84C7200369
3052E18025F9320A4A8000094A929E09
4A8805094A98F3090A3B6981F63E59C1
492628F63DD4C10226326980E680CE3D
D6A6E5CE23F16AE56280E680C11125EC
C6117B24114A9B420A2011C17F260DF6
3DD4C1092606F63DD57B241269802051
C605A68012B745F63E59E1E2B8FC2639
F63E58C10526022015C6016B81B63E53
16C515E4E2B9002716E6807B3D35CC3E
583BCC3DD4B7564BEBB8FD1B82200AC6
7F7B3E5BC6047B3E586280E680C10424
05E6810431AAE6812609CC04117B3E5B
7A3E583A0A37C72015873BE386B746EC
80E388B745E6006B40E681521B82E180
25E7320A37C72015873BE386B746EC80
E388B745E6006B40E681521B82E18025
E7320AB745E6017B3DC3793E58C6017B
3DC20AF63DC2042149F63DC3C178223F
C110250DC1122209C0108716C68E1116
1BC1212719C122271AC178271B2020CC
ACD42017CCACF42012CCAD12200DCCAD
352008CCAD512003CCAD894A8BEA0A79
3DC20AC6017B3E53793E58C7877C3DC8
7C3DC67C3DCC7C3DCA7B3DD27B3DC57C
3E567C3E544A8848090A6CADF63E5827
0304214B4A918F0904210FEE80E6037B
3E5AC7877C3DCC7C3DCA69822011E682
87B745EC8019E6E6446BE23DD36282F6
3E5AE18222E8C632877C3DD0C77C3DCE
4A88F00A7C3DC87E3DC6C6027B3E581B
830A3BF63E582703042121EE80EC028C
00802414E6037B3E5AC6017B3E58C787
7C3DCC7C3DCA20044A8AD1093A0A1B9C
F63E58C102260AF63DD37B3E594A8859
09F63E58C103262AF63E59CB407B3DD3
723E5AC7877C3DC87C3DC6C6077B3E58
F63E5A6C82CC3DD36C80B7744A8AC009
201FC104261BF63E5BC178260BC6057B
3E584A8B1C092009C6077B3E584A8AEE
09F63E58C1062605C6057B3E581B840A
4A8F0A090AF63E58C10726044A8AD109
0AC7877C3E58537B3DC47A3DC5F63E53
04010A4A88F00A7C3DCC7E3DCA0A1B9C
C67F7B3DD3B63E597A3DD4B63E5B7A3D
D5C7877C3DC87C3DC6F63E5A6C82CC3D
D36C80B7744A8F0A091B840A69A96981
6982FC3DC8FE3DC64A88A40ACD119435
B746C7873BB76416C5512205F63DC526
40C67F6B80B63E596A81B63E5B6A82F6
3E5A876C851A806E831A83B7544A8F0A
09CC13887C3DD0C7877C3DCE4A88F00A
7C3DC87E3DC6CC01067B3E587A3DC520
05C6057B3E581B870A793F1A793F08C7
877C3E6C7C3E6E7C3E707C3E727C3E74
7C3E767B3E647C3E680A6CA936B745E6
04C108182602DEE605C4F0C130222C87
16C6B2308E95008BD2108C1A208CF130
8DBCF63F08C1032702C1022709EE81E6
05C40F876C8527378C0007182202A6F6
3F1A2703168EB2C6017B3F1AEC857C3E
86168F05200BEC81E383B745E606168E
F4EC83AC8525EF068D68F63F08C10327
02C1021827026EEE81E605C40FB710C7
B746E6068719EE6D85E6077B223A8D00
801822012A8D00071823009EF63F1A27
03168EB2EC857C3E866987CC3E844A8A
2209E6872669C6017B3F08168F05EC81
E383B745E607168EF48E000625F07E3E
68FE3E861A1A7E3E868630C77C3E84CD
000AFCB91EFEB91C16C5847C3E7A7E3E
78CD000A168EE4CD000AFCB926FEB924
16C5847C3E827E3E80168EC6C6057B3F
1A427A3E5FCC3E604A8F0A09068E95E6
87C1022627C6327B3E84CD000A168EE4
168EC6C6057B3F1A20044A919309068E
92F63F080431D5F63F1AC10626CEEE81
A605840F793E75793E74793E77793E76
F63E8552C40F181726787A3E85C6077B
3F1AFC3E868C0007251DFE3E861A197E
3E86168F05168E988E000725F8FC3E68
E3837C3E682014168F052003168E98FC
3E86AC8322F6C7877C3E86FE3E6A1A19
7E3E6AFC3E86260DCC3E844A89CA094A
919309201A04450DC7877C3E74527C3E
76C60620072708168EC6C6057B3F1A06
8E954A919309C67F7B3F1BB6223A7A3F
1C86247A3F1D18033F1B3F16CE00037E
3F18CC3F164A8F0A09068E8EF63F08C1
032605F63F1AC10926C5EE810F050F03
068E7BF63E642637E6067B3E65E607C1
7F230DC1F12504C1F92305CC04F62017
E6076B80C0F1C1082208E680878300F0
2005C60AA680127C3E66C6017B3E64F6
3E652605FC3E862006C607B63E65127C
3E6AC787168EFEC60A7B3F1AF63E847B
3F0EFC3E868C00072415168F05200316
8ED0FC3E86AC8322F64A928A09200A16
8F05077C8E000725F9C6087B3F0DC787
7C3E6C527C3E6E1B93CE3F091980C60D
16C6864A9896091B8D201AE605C40F04
21040742200FC78707744A9193094A8A
D109793F081B880AF63E69EB8637EC84
E386B745E606CE3E88326BE4EE85086E
853DC77C3E6C7C3E6E07437C3E747C3E
764A9193093DC7877C3E70527C3E723D
F63E69EB86CE3E88A6E5EE856AE23F0F
086E853DFCB922FEB92016C5847C3E7E
7E3E7C3DEE856BE23E88086E853D7C3E
707C3E723DC7876C853D3B3BF63F1A18
2600DEEE82EC028C0080182200D3180B
033F08CD000A6C80FCB912FEB91016C5
847C3E7A7E3E78C7877C3E6C527C3E6E
EE808E0007222E587B3F1A7E3E86EE82
E6037B3F0EC7200A168FF46BEA3F0F02
B764EE82AC0225F0EC028C0007246A4A
928A092064C6087B3F1A7E3E86F63E86
C40FCA107B3E847A3E85C72005076502
B764EE82AC0225F5CD000AFCB916FEB9
1416C5847C3E7E7E3E7CCD000AFCB91A
FEB91816C5847C3E827E3E80F63E847B
3F0EF63E877B3F0FCE0000E6E23E886B
E23F10088E000625F2C6087B3F0D1B93
CE3F091980C60D8716C6864A9896091B
8D1B840AEE84B746E300B745E6006BEA
3E883DF63F1AC10A182200A08716C6C9
0A9C0208042D08090A3E1690C4205FFE
3E861A1A7E3E86723E85F63E85CA207B
3E84C606877C3E68C77C3E6C7C3E6E20
5E1690C41F3E840F02203A7C3E74527C
3E76C6062053FE3E6A8E000725051A19
7E3E6AFE3E868E00072407C7877C3E86
20051A197E3E86074BFE3E86260C7B3F
084A8AC5094A9193090AFE3E6A270E07
1CC77C3E74527C3E76C60B200C070EC7
7C3E70527C3E72C6097B3F1A0AFE3E68
1A077E3E68F63E8552C40F7B3E85CA20
7B3E843DC7877C3E6C7C3E6E3D3BF63F
1AC10B2659FC3E663BC7873BFE3E74FC
3E7616C5511825008CF63E847B3F0EFC
3E868C00072414C7876C808F077DFC3E
86AC8022F74A928A09200BC7876C8007
6A8E000725F9C6087B3F0DC7877C3E74
7C3E767C3E6C527C3E6EC60A2032C105
2643F63E847B3F0EC623877C3E6ACE05
057E3F0FC6024A928A09C6087B3F0DC7
877C3E707C3E727C3E6C527C3E6EC604
7B3F1A1B93CE3F091980C60D16C6864A
9896091B8D4A91A8093A0AF63E69EB83
CE3E88A6E5EE826AE23F0F086E823DF6
3F1A0AC7877C3E6A7B3E647C3E687C3E
847C3E867B3F1A0AC7873B3BFE3E6CFC
3E6E16C551273CFC3E7A3BFC3E783BFE
3E6CFC3E6E16C551251216927F7C3E6C
7C3E6E4A98EE09793F082017FC3E6C3B
FC3E6EC30005B7453AC90089007C3E6C
7E3E6EC7873B3BFE3E70FC3E7216C551
2737FC3E7E3BFC3E7C3BFE3E70FC3E72
16C551250D07687C3E707C3E727B3F08
2017FC3E703BFC3E72C30005B7453AC9
0089007C3E707E3E72C7873B3BFE3E74
FC3E7616C5512736FC3E823BFC3E803B
FE3E74FC3E7616C551250C07227C3E74
7C3E767B3F080AFC3E743BFC3E76C300
05B7453AC90089007C3E747E3E760A4A
9193094A8AD109C7873D3BE681200987
B745436AE23F0F52C10725F33A0A3B69
816980C60CA68012B745E6E2B932CD3F
34A6ED04200F0FE2B9320F09A681CE3F
1E6BE462816280E680C11423D6E6817B
3F333A0A6CA8B745E60187B705B756EE
803BE60087B781C7B7C6B7C6EA81AA80
EE826C80E60287B745C734373032C735
EA81AAB1B7C5EA81AA80ED826C80E643
8734EA81AAB16C873A6C83C61F6B8769
82E687ED85EE8316C540C401270BE682
8601CE3F356AE52007E682CE3F3569E5
63876282E682C12025D74A929E091B88
0AB745E600B710C73BE60187EA81AA80
16C67F16C3297C3D3C7E3D3A3A0AB745
E6008783002816C67F16C3297C3D407E
3D3E0AB745E600B710C7B746E6018719
EECE0004B7641815B75416C67F16C329
7C3D447E3D420AB745E60087B70516C3
3B7C3D487E3D460AB745E60087830028
16C67F16C3297C3D4C7E3D4A0AB745E6
0087B70516C33BCD333335CD40233516
C4471B847C3D507E3D4E0AB745E60087
B70516C33B7C3D547E3D520AB745E600
B710C7B746E6018719EEB76416C67F16
C3297C3D587E3D560A6CA8B745E60187
B705B756EE803BE60087B781C7B7C6B7
C6EA81AA80EE826C80E60287B745C734
373032C735EA81AAB1B7C5EA81AA80ED
826C80E6438734EA81AAB16C873A6C83
C61F6B87526B82E687ED85EE8316C540
C401270BE6828601CE3F356AE52007E6
82CE3F3569E563876282E682C14025D7
4A929E091B880AB745E600B710C7B746
E6018719EEB76416C67F16C3297C3D5C
7E3D5A0AB745E600B710C7B746E60187
19EECE000AB76418151AE1D8B75416C6
7F16C3297C3D607E3D5E0AB745E600B7
10C7B746E6018719EECE000AB7641815
1AE1D8B75416C67F16C3297C3D647E3D
620AB745E600B710C7B746E6018719EE
CE000AB76418151AE1D8B75416C67F16
C3297C3D687E3D660A6CA8B745E60187
B705B756EE803BE60087B781C7B7C6B7
C6EA81AA80EE826C80E60287B745C734
373032C735EA81AAB1B7C5EA81AA80ED
826C80E6438734EA81AAB16C873A6C83
CC401F6B876A82E687ED85EE8316C540
C401270BE6828601CE3F356AE52007E6
82CE3F3569E563876282E682C16025D7
4A929E091B880AB745E6008783002816
C67F16C3297C3D6C7E3D6A0AB745E600
87B70516C33B7C3D707E3D6E0AB745E6
008783002816C67F16C3297C3D747E3D
720AB745E600B710C7B746E6018719EE
CE0080B76418151AE12EB75416C67F16
C3297C3D787E3D760AB745E600B710C7
B746E6018719EECE0014B7641815B754
16C67F16C3297C3D7C7E3D7A0AB745E6
0087B70516C33B7C3D807E3D7E0A6CA8
B745E60187B705B756EE803BE60087B7
81C7B7C6B7C6EA81AA80EE826C80E602
87B745C734373032C735EA81AAB1B7C5
EA81AA80ED826C80E6438734EA81AAB1
6C873A6C83CC601F6B876A82E687ED85
EE8316C540C401270BE6828601CE3F35
6AE52007E682CE3F3569E563876282E6
82C18025D74A929E091B880AB745E600
8783007D16C67F16C3297C3D847E3D82
0A3BB745E601B710C716C67FED803BE6
408734B705B7563BEC82EA81AA80EE86
6C80E60387EA85AA843016C33B7C3D88
7E3D861B860A6CAD69822011E68287B7
46E380B745E6006BEA3DA26282F6BA53
E18222E81B830A6CAD69822011E68287
B746E380B745E6006BEA3DA96282F6BA
5FE18222E81B830A6CAD69822011E682
87B746E380B745E6006BEA3DAE6282F6
BA6BE18222E81B830A6CAD69822011E6
8287B746E380B745E6006BEA3DB56282
F6BA77E18222E81B830A6CA8B745E601
87B705B756EE803BE60087B781C7B7C6
B7C6EA81AA80EE826C80E60287B745C7
34373032C735EA81AAB1B7C5EA81AA80
ED826C80E6438734EA81AAB16C873A6C
83CC801F6B876A82E687ED85EE8316C5
40C401270BE6828601CE3F356AE52007
E682CE3F3569E563876282E682C18325
D74A929E091B880A3BE6857B2796C602
873B37EC834A85E70A1B850A3BE6857B
2796C601873B5837EC834A85E70A1B85
0A1B93373BECF0166C85EEF0146E837C
26DD7E26DBE6F0136B87EEF018E6006B
88E6016B89E6026B8AE6036B8BE6046B
8CE6056B8DE6066B8EE6076B8F1A83B7
546E804A95330AF62796E1822614FC26
E5AC85260DFC26E3AC832606EC804A8B
AA091BF0100A69AFF62796260BCC07DF
6C86C7876C842014C118260CCC33F16C
86CE18DB6E842004C6016B80F63E5F27
0AFC26E16C86FC26DF6C84E6802615EC
863BEC863BE68C371A8E34F627964A87
140A1B87793E5F320A4A9003090A4A87
CA0A0A3B69816980C60CA68012B745E6
E2BA8ECD3F58A6ED04201D0FE2BA8E0F
17A681CE3F556BE4C102260AF63F5426
05C6017B3F5462816280E680C10123C8
E6817B3F573A0A6CA81B9C698BF63E5A
878300016C896988069A8C6987069A73
C60CA68712B746E68887E384B745E600
876C80ECEABA8D3BECEABA8B3BCE0000
EC846D8616C551182600F6C6016B8BED
821AEABA84EC012608E6EABA84182700
E0E68887C30001E3843BC60CA68912B7
463A4BEBBA846986169AAFEEE2238127
2FB745E6E22381A6E2238204211A169A
A1261535169AB86CEA23856EEA238330
ECE2BA876CEA23876286E686C10125C8
6986169AAFEEE22389272FB745E6E223
89A6E2238A04211A169AA1261535169A
B86CEA238D6EEA238B30ECE2BA876CEA
238F6286E686C10325C86986169AAFEE
E223A1272DB745E6E223A1A6E223A204
2118076D261435077F6CEA23A56EEA23
A330ECE2BA876CEA23A76286E686C10A
25CAC60CA68712B745E6E2BA8F87B745
E68819E6B761526B8808EC8934A3B16C
896287E687C1022408E68B0401030699
50E68B2605C7876C898F698BEC891826
FEB9793E58F6278626044A8B220A1B8C
0A36C60CA68A12B74633E1EABA8E3DE6
8887595959B7453D344A8BDF0A313D6C
A8B745E60187B705B756EE803BE60087
B781C7B7C6B7C6EA81AA80EE826C80E6
0287B745C734373032C735EA81AAB1B7
C5EA81AA80ED826C80E6438734EA81AA
B16C873A6C83C61F6B876982E687ED85
EE8316C540C401270BE6828601CE3F59
6AE52007E682CE3F5969E563876282E6
82C12025D74A98F3091B880A3BC78737
B746C30001E381B745E6006BEA279733
52C11125E93A0AFFFFFFFFFFFFFFFFFF
FFFFFFFFFFFFFFFFFFFFFFFFFFFFFFFF
FFFFFFFFFFFFFFFFFFFFFFFFFFFFFFFF
FFFFFFFFFFFFFFFFFFFFFFFFFFFFFFFF
FFFFFFFFFFFFFFFFFFFFFFFFFFFFFFFF
FFFFFFFFFFFFFFFFFFFFFFFFFFFFFFFF
FFFFFFFFFFFFFFFFFFFFFFFFFFFFFFFF
FFFFFFFFFFFFFFFFFFFFFFFFFFFFFFFF
FFFFFFFFFFFFFFFFFFFFFFFFFFFFFFFF
FFFFFFFFFFFFFFFFFFFFFFFFFFFFFFFF
FFFFFFFFFFFFFFFFFFFFFFFFFFFFFFFF
FFFFFFFFFFFFFFFFFFFFFFFFFFFFFFFF
FFFFFFFFFFFFFFFFFFFFFFFFFFFFFFFF
FFFFFFFFFFFFFFFFFFFFFFFFFFFFFFFF
FFFFFFFFFFFFFFFFFFFFFFFFFFFFFFFF
FFFFFFFFFFFFFFFFFFFFFFFFFFFFFFFF
FFFFFFFFFFFFFFFFFFFFFFFFFFFFFFFF
FFFFFFFFFFFFFFFFFFFFFFFFFFFFFFFF
FFFFFFFFFFFFFFFFFFFFFFFFFFFFFFFF
FFFFFFFFFFFFFFFFFFFFFFFFFFFFFFFF
FFFFFFFFFFFFFFFFFFFFFFFFFFFFFFFF
FFFFFFFFFFFFFFFFFFFFFFFFFFFFFFFF
FFFFFFFFFFFFFFFFFFFFFFFFFFFFFFFF
FFFFFFFFFFFFFFFFFFFFFFFFFFFFFFFF
FFFFFFFFFFFFFFFFFFFFFFFFFFFFFFFF
FFFFFFFFFFFFFFFFFFFFFFFFFFFFFFFF
FFFFFFFFFFFFFFFFFFFFFFFFFFFFFFFF
FFFFFFFFFFFFFFFFFFFFFFFFFFFFFFFF
FFFFFFFFFFFFFFFFFFFFFFFFFFFFFFFF
FFFFFFFFFFFFFFFFFFFFFFFFFFFFFFFF
FFFFFFFFFFFFFFFFFFFFFFFFFFFFFFFF
FFFFFFFFFFFFFFFFFFFFFFFFFFFFFFFF
FFFFFFFFFFFFFFFFFFFFFFFFFFFFFFFF
FFFFFFFFFFFFFFFFFFFFFFFFFFFFFFFF
FFFFFFFFFFFFFFFFFFFFFFFFFFFFFFFF
FFFFFFFFFFFFFFFFFFFFFFFFFFFFFFFF
FFFFFFFFFFFFFFFFFFFFFFFFFFFFFFFF
FFFFFFFFFFFFFFFFFFFFFFFFFFFFFFFF
FFFFFFFFFFFFFFFFFFFFFFFFFFFFFFFF
FFFFFFFFFFFFFFFFFFFFFFFFFFFFFFFF
FFFFFFFFFFFFFFFFFFFFFFFFFFFFFFFF
FFFFFFFFFFFFFFFFFFFFFFFFFFFFFFFF
FFFFFFFFFFFFFFFFFFFFFFFFFFFFFFFF
FFFFFFFFFFFFFFFFFFFFFFFFFFFFFFFF
FFFFFFFFFFFFFFFFFFFFFFFFFFFFFFFF
FFFFFFFFFFFFFFFFFFFFFFFFFFFFFFFF
FFFFFFFFFFFFFFFFFFFFFFFFFFFFFFFF
FFFFFFFFFFFFFFFFFFFFFFFFFFFFFFFF
FFFFFFFFFFFFFFFFFFFFFFFFFFFFFFFF
FFFFFFFFFFFFFFFFFFFFFFFFFFFFFFFF
FFFFFFFFFFFFFFFFFFFFFFFFFFFFFFFF
FFFFFFFFFFFFFFFFFFFFFFFFFFFFFFFF
FFFFFFFFFFFFFFFFFFFFFFFFFFFFFFFF
FFFFFFFFFFFFFFFFFFFFFFFFFFFFFFFF
FFFFFFFFFFFFFFFFFFFFFFFFFFFFFFFF
FFFFFFFFFFFFFFFFFFFFFFFFFFFFFFFF
FFFFFFFFFFFFFFFFFFFFFFFFFFFFFFFF
FFFFFFFFFFFFFFFFFFFFFFFFFFFFFFFF
FFFFFFFFFFFFFFFFFFFFFFFFFFFFFFFF
FFFFFFFFFFFFFFFFFFFFFFFFFFFFFFFF
FFFFFFFFFFFFFFFFFFFFFFFFFFFFFFFF
FFFFFFFFFFFFFFFFFFFFFFFFFFFFFFFF
FFFFFFFFFFFFFFFFFFFFFFFFFFFFFFFF
FFFFFFFFFFFFFFFFFFFFFFFFFFFFFFFF
FFFFFFFFFFFFFFFFFFFFFFFFFFFFFFFF
FFFFFFFFFFFFFFFFFFFFFFFFFFFFFFFF
FFFFFFFFFFFFFFFFFFFFFFFFFFFFFFFF
FFFFFFFFFFFFFFFFFFFFFFFFFFFFFFFF
FFFFFFFFFFFFFFFFFFFFFFFFFFFFFFFF
FFFFFFFFFFFFFFFFFFFFFFFFFFFFFFFF
FFFFFFFFFFFFFFFFFFFFFFFFFFFFFFFF
FFFFFFFFFFFFFFFFFFFFFFFFFFFFFFFF
FFFFFFFFFFFFFFFFFFFFFFFFFFFFFFFF
FFFFFFFFFFFFFFFFFFFFFFFFFFFFFFFF
FFFFFFFFFFFFFFFFFFFFFFFFFFFFFFFF
FFFFFFFFFFFFFFFFFFFFFFFFFFFFFFFF
FFFFFFFFFFFFFFFFFFFFFFFFFFFFFFFF
FFFFFFFFFFFFFFFFFFFFFFFFFFFFFFFF
FFFFFFFFFFFFFFFFFFFFFFFFFFFFFFFF
FFFFFFFFFFFFFFFFFFFFFFFFFFFFFFFF
FFFFFFFFFFFFFFFFFFFFFFFFFFFFFFFF
FFFFFFFFFFFFFFFFFFFFFFFFFFFFFFFF
FFFFFFFFFFFFFFFFFFFFFFFFFFFFFFFF
FFFFFFFFFFFFFFFFFFFFFFFFFFFFFFFF
FFFFFFFFFFFFFFFFFFFFFFFFFFFFFFFF
FFFFFFFFFFFFFFFFFFFFFFFFFFFFFFFF
FFFFFFFFFFFFFFFFFFFFFFFFFFFFFFFF
FFFFFFFFFFFFFFFFFFFFFFFFFFFFFFFF
FFFFFFFFFFFFFFFFFFFFFFFFFFFFFFFF
FFFFFFFFFFFFFFFFFFFFFFFFFFFFFFFF
FFFFFFFFFFFFFFFFFFFFFFFFFFFFFFFF
FFFFFFFFFFFFFFFFFFFFFFFFFFFFFFFF
FFFFFFFFFFFFFFFFFFFFFFFFFFFFFFFF
FFFFFFFFFFFFFFFFFFFFFFFFFFFFFFFF
FFFFFFFFFFFFFFFFFFFFFFFFFFFFFFFF
FFFFFFFFFFFFFFFFFFFFFFFFFFFFFFFF
FFFFFFFFFFFFFFFFFFFFFFFFFFFFFFFF
FFFFFFFFFFFFFFFFFFFFFFFFFFFFFFFF
FFFFFFFFFFFFFFFFFFFFFFFFFFFFFFFF
FFFFFFFFFFFFFFFFFFFFFFFFFFFFFFFF
FFFFFFFFFFFFFFFFFFFFFFFFFFFFFFFF
FFFFFFFFFFFFFFFFFFFFFFFFFFFFFFFF
FFFFFFFFFFFFFFFFFFFFFFFFFFFFFFFF
FFFFFFFFFFFFFFFFFFFFFFFFFFFFFFFF
FFFFFFFFFFFFFFFFFFFFFFFFFFFFFFFF
FFFFFFFFFFFFFFFFFFFFFFFFFFFFFFFF
FFFFFFFFFFFFFFFFFFFFFFFFFFFFFFFF
FFFFFFFFFFFFFFFFFFFFFFFFFFFFFFFF
FFFFFFFFFFFFFFFFFFFFFFFFFFFFFFFF
FFFFFFFFFFFFFFFFFFFFFFFFFFFFFFFF
FFFFFFFFFFFFFFFFFFFFFFFFFFFFFFFF
FFFFFFFFFFFFFFFFFFFFFFFFFFFFFFFF
FFFFFFFFFFFFFFFFFFFFFFFFFFFFFFFF
FFFFFFFFFFFFFFFFFFFFFFFFFFFFFFFF
FFFFFFFFFFFFFFFFFFFFFFFFFFFFFFFF
FFFFFFFFFFFFFFFFFFFFFFFFFFFFFFFF
FFFFFFFFFFFFFFFFFFFFFFFFFFFFFFFF
FFFFFFFFFFFFFFFFFFFFFFFFFFFFFFFF
FFFFFFFFFFFFFFFFFFFFFFFFFFFFFFFF
FFFFFFFFFFFFFFFFFFFFFFFFFFFFFFFF
FFFFFFFFFFFFFFFFFFFFFFFFFFFFFFFF
FFFFFFFFFFFFFFFFFFFFFFFFFFFFFFFF
FFFFFFFFFFFFFFFFFFFFFFFFFFFFFFFF
FFFFFFFFFFFFFFFFFFFFFFFFFFFFFFFF
FFFFFFFFFFFFFFFFFFFFFFFFFFFFFFFF
FFFFFFFFFFFFFFFFFFFFFFFFFFFFFFFF
FFFFFFFFFFFFFFFFFFFFFFFFFFFFFFFF
FFFFFFFFFFFFFFFFFFFFFFFFFFFFFFFF
FFFFFFFFFFFFFFFFFFFFFFFFFFFFFFFF
FFFFFFFFFFFFFFFFFFFFFFFFFFFFFFFF
FFFFFFFFFFFFFFFFFFFFFFFFFFFFFFFF
FFFFFFFFFFFFFFFFFFFFFFFFFFFFFFFF
FFFFFFFFFFFFFFFFFFFFFFFFFFFFFFFF
FFFFFFFFFFFFFFFFFFFFFFFFFFFFFFFF
FFFFFFFFFFFFFFFFFFFFFFFFFFFFFFFF
FFFFFFFFFFFFFFFFFFFFFFFFFFFFFFFF
FFFFFFFFFFFFFFFFFFFFFFFFFFFFFFFF
FFFFFFFFFFFFFFFFFFFFFFFFFFFFFFFF
FFFFFFFFFFFFFFFFFFFFFFFFFFFFFFFF
FFFFFFFFFFFFFFFFFFFFFFFFFFFFFFFF
FFFFFFFFFFFFFFFFFFFFFFFFFFFFFFFF
FFFFFFFFFFFFFFFFFFFFFFFFFFFFFFFF
FFFFFFFFFFFFFFFFFFFFFFFFFFFFFFFF
FFFFFFFFFFFFFFFFFFFFFFFFFFFFFFFF
FFFFFFFFFFFFFFFFFFFFFFFFFFFFFFFF
FFFFFFFFFFFFFFFFFFFFFFFFFFFFFFFF
FFFFFFFFFFFFFFFFFFFFFFFFFFFFFFFF
FFFFFFFFFFFFFFFFFFFFFFFFFFFFFFFF
FFFFFFFFFFFFFFFFFFFFFFFFFFFFFFFF
FFFFFFFFFFFFFFFFFFFFFFFFFFFFFFFF
FFFFFFFFFFFFFFFFFFFFFFFFFFFFFFFF
FFFFFFFFFFFFFFFFFFFFFFFFFFFFFFFF
FFFFFFFFFFFFFFFFFFFFFFFFFFFFFFFF
FFFFFFFFFFFFFFFFFFFFFFFFFFFFFFFF
FFFFFFFFFFFFFFFFFFFFFFFFFFFFFFFF
FFFFFFFFFFFFFFFFFFFFFFFFFFFFFFFF
FFFFFFFFFFFFFFFFFFFFFFFFFFFFFFFF
FFFFFFFFFFFFFFFFFFFFFFFFFFFFFFFF
FFFFFFFFFFFFFFFFFFFFFFFFFFFFFFFF
FFFFFFFFFFFFFFFFFFFFFFFFFFFFFFFF
FFFFFFFFFFFFFFFFFFFFFFFFFFFFFFFF
FFFFFFFFFFFFFFFFFFFFFFFFFFFFFFFF
FFFFFFFFFFFFFFFFFFFFFFFFFFFFFFFF
FFFFFFFFFFFFFFFFFFFFFFFFFFFFFFFF
FFFFFFFFFFFFFFFFFFFFFFFFFFFFFFFF
FFFFFFFFFFFFFFFFFFFFFFFFFFFFFFFF
FFFFFFFFFFFFFFFFFFFFFFFFFFFFFFFF
FFFFFFFFFFFFFFFFFFFFFFFFFFFFFFFF
FFFFFFFFFFFFFFFFFFFFFFFFFFFFFFFF
FFFFFFFFFFFFFFFFFFFFFFFFFFFFFFFF
FFFFFFFFFFFFFFFFFFFFFFFFFFFFFFFF
FFFFFFFFFFFFFFFFFFFFFFFFFFFFFFFF
FFFFFFFFFFFFFFFFFFFFFFFFFFFFFFFF
FFFFFFFFFFFFFFFFFFFFFFFFFFFFFFFF
FFFFFFFFFFFFFFFFFFFFFFFFFFFFFFFF
FFFFFFFFFFFFFFFFFFFFFFFFFFFFFFFF
FFFFFFFFFFFFFFFFFFFFFFFFFFFFFFFF
FFFFFFFFFFFFFFFFFFFFFFFFFFFFFFFF
FFFFFFFFFFFFFFFFFFFFFFFFFFFFFFFF
FFFFFFFFFFFFFFFFFFFFFFFFFFFFFFFF
FFFFFFFFFFFFFFFFFFFFFFFFFFFFFFFF
FFFFFFFFFFFFFFFFFFFFFFFFFFFFFFFF
FFFFFFFFFFFFFFFFFFFFFFFFFFFFFFFF
FFFFFFFFFFFFFFFFFFFFFFFFFFFFFFFF
FFFFFFFFFFFFFFFFFFFFFFFFFFFFFFFF
FFFFFFFFFFFFFFFFFFFFFFFFFFFFFFFF
FFFFFFFFFFFFFFFFFFFFFFFFFFFFFFFF
FFFFFFFFFFFFFFFFFFFFFFFFFFFFFFFF
FFFFFFFFFFFFFFFFFFFFFFFFFFFFFFFF
FFFFFFFFFFFFFFFFFFFFFFFFFFFFFFFF
FFFFFFFFFFFFFFFFFFFFFFFFFFFFFFFF
FFFFFFFFFFFFFFFFFFFFFFFFFFFFFFFF
FFFFFFFFFFFFFFFFFFFFFFFFFFFFFFFF
FFFFFFFFFFFFFFFFFFFFFFFFFFFFFFFF
FFFFFFFFFFFFFFFFFFFFFFFFFFFFFFFF
FFFFFFFFFFFFFFFFFFFFFFFFFFFFFFFF
FFFFFFFFFFFFFFFFFFFFFFFFFFFFFFFF
FFFFFFFFFFFFFFFFFFFFFFFFFFFFFFFF
FFFFFFFFFFFFFFFFFFFFFFFFFFFFFFFF
FFFFFFFFFFFFFFFFFFFFFFFFFFFFFFFF
FFFFFFFFFFFFFFFFFFFFFFFFFFFFFFFF
FFFFFFFFFFFFFFFFFFFFFFFFFFFFFFFF
FFFFFFFFFFFFFFFFFFFFFFFFFFFFFFFF
FFFFFFFFFFFFFFFFFFFFFFFFFFFFFFFF
FFFFFFFFFFFFFFFFFFFFFFFFFFFFFFFF
FFFFFFFFFFFFFFFFFFFFFFFFFFFFFFFF
FFFFFFFFFFFFFFFFFFFFFFFFFFFFFFFF
FFFFFFFFFFFFFFFFFFFFFFFFFFFFFFFF
FFFFFFFFFFFFFFFFFFFFFFFFFFFFFFFF
FFFFFFFFFFFFFFFFFFFFFFFFFFFFFFFF
FFFFFFFFFFFFFFFFFFFFFFFFFFFFFFFF
FFFFFFFFFFFFFFFFFFFFFFFFFFFFFFFF
FFFFFFFFFFFFFFFFFFFFFFFFFFFFFFFF
FFFFFFFFFFFFFFFFFFFFFFFFFFFFFFFF
FFFFFFFFFFFFFFFFFFFFFFFFFFFFFFFF
FFFFFFFFFFFFFFFFFFFFFFFFFFFFFFFF
FFFFFFFFFFFFFFFFFFFFFFFFFFFFFFFF
FFFFFFFFFFFFFFFFFFFFFFFFFFFFFFFF
FFFFFFFFFFFFFFFFFFFFFFFFFFFFFFFF
FFFFFFFFFFFFFFFFFFFFFFFFFFFFFFFF
FFFFFFFFFFFFFFFFFFFFFFFFFFFFFFFF
FFFFFFFFFFFFFFFFFFFFFFFFFFFFFFFF
FFFFFFFFFFFFFFFFFFFFFFFFFFFFFFFF
FFFFFFFFFFFFFFFFFFFFFFFFFFFFFFFF
FFFFFFFFFFFFFFFFFFFFFFFFFFFFFFFF
FFFFFFFFFFFFFFFFFFFFFFFFFFFFFFFF
FFFFFFFFFFFFFFFFFFFFFFFFFFFFFFFF
FFFFFFFFFFFFFFFFFFFFFFFFFFFFFFFF
FFFFFFFFFFFFFFFFFFFFFFFFFFFFFFFF
FFFFFFFFFFFFFFFFFFFFFFFFFFFFFFFF
FFFFFFFFFFFFFFFFFFFFFFFFFFFFFFFF
FFFFFFFFFFFFFFFFFFFFFFFFFFFFFFFF
FFFFFFFFFFFFFFFFFFFFFFFFFFFFFFFF
FFFFFFFFFFFFFFFFFFFFFFFFFFFFFFFF
FFFFFFFFFFFFFFFFFFFFFFFFFFFFFFFF
FFFFFFFFFFFFFFFFFFFFFFFFFFFFFFFF
FFFFFFFFFFFFFFFFFFFFFFFFFFFFFFFF
FFFFFFFFFFFFFFFFFFFFFFFFFFFFFFFF
FFFFFFFFFFFFFFFFFFFFFFFFFFFFFFFF
FFFFFFFFFFFFFFFFFFFFFFFFFFFFFFFF
FFFFFFFFFFFFFFFFFFFFFFFFFFFFFFFF
FFFFFFFFFFFFFFFFFFFFFFFFFFFFFFFF
FFFFFFFFFFFFFFFFFFFFFFFFFFFFFFFF
FFFFFFFFFFFFFFFFFFFFFFFFFFFFFFFF
FFFFFFFFFFFFFFFFFFFFFFFFFFFFFFFF
FFFFFFFFFFFFFFFFFFFFFFFFFFFFFFFF
FFFFFFFFFFFFFFFFFFFFFFFFFFFFFFFF
FFFFFFFFFFFFFFFFFFFFFFFFFFFFFFFF
FFFFFFFFFFFFFFFFFFFFFFFFFFFFFFFF
FFFFFFFFFFFFFFFFFFFFFFFFFFFFFFFF
FFFFFFFFFFFFFFFFFFFFFFFFFFFFFFFF
FFFFFFFFFFFFFFFFFFFFFFFFFFFFFFFF
FFFFFFFFFFFFFFFFFFFFFFFFFFFFFFFF
FFFFFFFFFFFFFFFFFFFFFFFFFFFFFFFF
FFFFFFFFFFFFFFFFFFFFFFFFFFFFFFFF
FFFFFFFFFFFFFFFFFFFFFFFFFFFFFFFF
FFFFFFFFFFFFFFFFFFFFFFFFFFFFFFFF
FFFFFFFFFFFFFFFFFFFFFFFFFFFFFFFF
FFFFFFFFFFFFFFFFFFFFFFFFFFFFFFFF
FFFFFFFFFFFFFFFFFFFFFFFFFFFFFFFF
FFFFFFFFFFFFFFFFFFFFFFFFFFFFFFFF
FFFFFFFFFFFFFFFFFFFFFFFFFFFFFFFF
FFFFFFFFFFFFFFFFFFFFFFFFFFFFFFFF
FFFFFFFFFFFFFFFFFFFFFFFFFFFFFFFF
FFFFFFFFFFFFFFFFFFFFFFFFFFFFFFFF
FFFFFFFFFFFFFFFFFFFFFFFFFFFFFFFF
FFFFFFFFFFFFFFFFFFFFFFFFFFFFFFFF
FFFFFFFFFFFFFFFFFFFFFFFFFFFFFFFF
FFFFFFFFFFFFFFFFFFFFFFFFFFFFFFFF
FFFFFFFFFFFFFFFFFFFFFFFFFFFFFFFF
FFFFFFFFFFFFFFFFFFFFFFFFFFFFFFFF
FFFFFFFFFFFFFFFFFFFFFFFFFFFFFFFF
FFFFFFFFFFFFFFFFFFFFFFFFFFFFFFFF
FFFFFFFFFFFFFFFFFFFFFFFFFFFFFFFF
FFFFFFFFFFFFFFFFFFFFFFFFFFFFFFFF
FFFFFFFFFFFFFFFFFFFFFFFFFFFFFFFF
FFFFFFFFFFFFFFFFFFFFFFFFFFFFFFFF
FFFFFFFFFFFFFFFFFFFFFFFFFFFFFFFF
FFFFFFFFFFFFFFFFFFFFFFFFFFFFFFFF
FFFFFFFFFFFFFFFFFFFFFFFFFFFFFFFF
FFFFFFFFFFFFFFFFFFFFFFFFFFFFFFFF
FFFFFFFFFFFFFFFFFFFFFFFFFFFFFFFF
FFFFFFFFFFFFFFFFFFFFFFFFFFFFFFFF
FFFFFFFFFFFFFFFFFFFFFFFFFFFFFFFF
FFFFFFFFFFFFFFFFFFFFFFFFFFFFFFFF
FFFFFFFFFFFFFFFFFFFFFFFFFFFFFFFF
FFFFFFFFFFFFFFFFFFFFFFFFFFFFFFFF
FFFFFFFFFFFFFFFFFFFFFFFFFFFFFFFF
FFFFFFFFFFFFFFFFFFFFFFFFFFFFFFFF
FFFFFFFFFFFFFFFFFFFFFFFFFFFFFFFF
FFFFFFFFFFFFFFFFFFFFFFFFFFFFFFFF
FFFFFFFFFFFFFFFFFFFFFFFFFFFFFFFF
FFFFFFFFFFFFFFFFFFFFFFFFFFFFFFFF
FFFFFFFFFFFFFFFFFFFFFFFFFFFFFFFF
FFFFFFFFFFFFFFFFFFFFFFFFFFFFFFFF
FFFFFFFFFFFFFFFFFFFFFFFFFFFFFFFF
FFFFFFFFFFFFFFFFFFFFFFFFFFFFFFFF
FFFFFFFFFFFFFFFFFFFFFFFFFFFFFFFF
FFFFFFFFFFFFFFFFFFFFFFFFFFFFFFFF
FFFFFFFFFFFFFFFFFFFFFFFFFFFFFFFF
FFFFFFFFFFFFFFFFFFFFFFFFFFFFFFFF
FFFFFFFFFFFFFFFFFFFFFFFFFFFFFFFF
FFFFFFFFFFFFFFFFFFFFFFFFFFFFFFFF
FFFFFFFFFFFFFFFFFFFFFFFFFFFFFFFF
FFFFFFFFFFFFFFFFFFFFFFFFFFFFFFFF
FFFFFFFFFFFFFFFFFFFFFFFFFFFFFFFF
FFFFFFFFFFFFFFFFFFFFFFFFFFFFFFFF
FFFFFFFFFFFFFFFFFFFFFFFFFFFFFFFF
FFFFFFFFFFFFFFFFFFFFFFFFFFFFFFFF
FFFFFFFFFFFFFFFFFFFFFFFFFFFFFFFF
FFFFFFFFFFFFFFFFFFFFFFFFFFFFFFFF
FFFFFFFFFFFFFFFFFFFFFFFFFFFFFFFF
FFFFFFFFFFFFFFFFFFFFFFFFFFFFFFFF
FFFFFFFFFFFFFFFFFFFFFFFFFFFFFFFF
FFFFFFFFFFFFFFFFFFFFFFFFFFFFFFFF
FFFFFFFFFFFFFFFFFFFFFFFFFFFFFFFF
FFFFFFFFFFFFFFFFFFFFFFFFFFFFFFFF
FFFFFFFFFFFFFFFFFFFFFFFFFFFFFFFF
FFFFFFFFFFFFFFFFFFFFFFFFFFFFFFFF
FFFFFFFFFFFFFFFFFFFFFFFFFFFFFFFF
FFFFFFFFFFFFFFFFFFFFFFFFFFFFFFFF
FFFFFFFFFFFFFFFFFFFFFFFFFFFFFFFF
FFFFFFFFFFFFFFFFFFFFFFFFFFFFFFFF
FFFFFFFFFFFFFFFFFFFFFFFFFFFFFFFF
FFFFFFFFFFFFFFFFFFFFFFFFFFFFFFFF
FFFFFFFFFFFFFFFFFFFFFFFFFFFFFFFF
FFFFFFFFFFFFFFFFFFFFFFFFFFFFFFFF
FFFFFFFFFFFFFFFFFFFFFFFFFFFFFFFF
FFFFFFFFFFFFFFFFFFFFFFFFFFFFFFFF
FFFFFFFFFFFFFFFFFFFFFFFFFFFFFFFF
FFFFFFFFFFFFFFFFFFFFFFFFFFFFFFFF
FFFFFFFFFFFFFFFFFFFFFFFFFFFFFFFF
FFFFFFFFFFFFFFFFFFFFFFFFFFFFFFFF
FFFFFFFFFFFFFFFFFFFFFFFFFFFFFFFF
FFFFFFFFFFFFFFFFFFFFFFFFFFFFFFFF
FFFFFFFFFFFFFFFFFFFFFFFFFFFFFFFF
FFFFFFFFFFFFFFFFFFFFFFFFFFFFFFFF
FFFFFFFFFFFFFFFFFFFFFFFFFFFFFFFF
FFFFFFFFFFFFFFFFFFFFFFFFFFFFFFFF
FFFFFFFFFFFFFFFFFFFFFFFFFFFFFFFF
FFFFFFFFFFFFFFFFFFFFFFFFFFFFFFFF
FFFFFFFFFFFFFFFFFFFFFFFFFFFFFFFF
FFFFFFFFFFFFFFFFFFFFFFFFFFFFFFFF
FFFFFFFFFFFFFFFFFFFFFFFFFFFFFFFF
FFFFFFFFFFFFFFFFFFFFFFFFFFFFFFFF
FFFFFFFFFFFFFFFFFFFFFFFFFFFFFFFF
FFFFFFFFFFFFFFFFFFFFFFFFFFFFFFFF
FFFFFFFFFFFFFFFFFFFFFFFFFFFFFFFF
FFFFFFFFFFFFFFFFFFFFFFFFFFFFFFFF
FFFFFFFFFFFFFFFFFFFFFFFFFFFFFFFF
FFFFFFFFFFFFFFFFFFFFFFFFFFFFFFFF
FFFFFFFFFFFFFFFFFFFFFFFFFFFFFFFF
FFFFFFFFFFFFFFFFFFFFFFFFFFFFFFFF
FFFFFFFFFFFFFFFFFFFFFFFFFFFFFFFF
FFFFFFFFFFFFFFFFFFFFFFFFFFFFFFFF
FFFFFFFFFFFFFFFFFFFFFFFFFFFFFFFF
FFFFFFFFFFFFFFFFFFFFFFFFFFFFFFFF
FFFFFFFFFFFFFFFFFFFFFFFFFFFFFFFF
FFFFFFFFFFFFFFFFFFFFFFFFFFFFFFFF
FFFFFFFFFFFFFFFFFFFFFFFFFFFFFFFF
FFFFFFFFFFFFFFFFFFFFFFFFFFFFFFFF
FFFFFFFFFFFFFFFFFFFFFFFFFFFFFFFF
FFFFFFFFFFFFFFFFFFFFFFFFFFFFFFFF
FFFFFFFFFFFFFFFFFFFFFFFFFFFFFFFF
FFFFFFFFFFFFFFFFFFFFFFFFFFFFFFFF
FFFFFFFFFFFFFFFFFFFFFFFFFFFFFFFF
FFFFFFFFFFFFFFFFFFFFFFFFFFFFFFFF
FFFFFFFFFFFFFFFFFFFFFFFFFFFFFFFF
FFFFFFFFFFFFFFFFFFFFFFFFFFFFFFFF
FFFFFFFFFFFFFFFFFFFFFFFFFFFFFFFF
FFFFFFFFFFFFFFFFFFFFFFFFFFFFFFFF
FFFFFFFFFFFFFFFFFFFFFFFFFFFFFFFF
FFFFFFFFFFFFFFFFFFFFFFFFFFFFFFFF
FFFFFFFFFFFFFFFFFFFFFFFFFFFFFFFF
FFFFFFFFFFFFFFFFFFFFFFFFFFFFFFFF
FFFFFFFFFFFFFFFFFFFFFFFFFFFFFFFF
FFFFFFFFFFFFFFFFFFFFFFFFFFFFFFFF
FFFFFFFFFFFFFFFFFFFFFFFFFFFFFFFF
FFFFFFFFFFFFFFFFFFFFFFFFFFFFFFFF
FFFFFFFFFFFFFFFFFFFFFFFFFFFFFFFF
FFFFFFFFFFFFFFFFFFFFFFFFFFFFFFFF
FFFFFFFFFFFFFFFFFFFFFFFFFFFFFFFF
FFFFFFFFFFFFFFFFFFFFFFFFFFFFFFFF
FFFFFFFFFFFFFFFFFFFFFFFFFFFFFFFF
FFFFFFFFFFFFFFFFFFFFFFFFFFFFFFFF
FFFFFFFFFFFFFFFFFFFFFFFFFFFFFFFF
FFFFFFFFFFFFFFFFFFFFFFFFFFFFFFFF
FFFFFFFFFFFFFFFFFFFFFFFFFFFFFFFF
FFFFFFFFFFFFFFFFFFFFFFFFFFFFFFFF
FFFFFFFFFFFFFFFFFFFFFFFFFFFFFFFF
FFFFFFFFFFFFFFFFFFFFFFFFFFFFFFFF
FFFFFFFFFFFFFFFFFFFFFFFFFFFFFFFF
FFFFFFFFFFFFFFFFFFFFFFFFFFFFFFFF
FFFFFFFFFFFFFFFFFFFFFFFFFFFFFFFF
FFFFFFFFFFFFFFFFFFFFFFFFFFFFFFFF
FFFFFFFFFFFFFFFFFFFFFFFFFFFFFFFF
FFFFFFFFFFFFFFFFFFFFFFFFFFFFFFFF
FFFFFFFFFFFFFFFFFFFFFFFFFFFFFFFF
FFFFFFFFFFFFFFFFFFFFFFFFFFFFFFFF
FFFFFFFFFFFFFFFFFFFFFFFFFFFFFFFF
FFFFFFFFFFFFFFFFFFFFFFFFFFFFFFFF
FFFFFFFFFFFFFFFFFFFFFFFFFFFFFFFF
FFFFFFFFFFFFFFFFFFFFFFFFFFFFFFFF
FFFFFFFFFFFFFFFFFFFFFFFFFFFFFFFF
FFFFFFFFFFFFFFFFFFFFFFFFFFFFFFFF
FFFFFFFFFFFFFFFFFFFFFFFFFFFFFFFF
FFFFFFFFFFFFFFFFFFFFFFFFFFFFFFFF
FFFFFFFFFFFFFFFFFFFFFFFFFFFFFFFF
FFFFFFFFFFFFFFFFFFFFFFFFFFFFFFFF
FFFFFFFFFFFFFFFFFFFFFFFFFFFFFFFF
FFFFFFFFFFFFFFFFFFFFFFFFFFFFFFFF
FFFFFFFFFFFFFFFFFFFFFFFFFFFFFFFF
FFFFFFFFFFFFFFFFFFFFFFFFFFFFFFFF
FFFFFFFFFFFFFFFFFFFFFFFFFFFFFFFF
FFFFFFFFFFFFFFFFFFFFFFFFFFFFFFFF
FFFFFFFFFFFFFFFFFFFFFFFFFFFFFFFF
FFFFFFFFFFFFFFFFFFFFFFFFFFFFFFFF
FFFFFFFFFFFFFFFFFFFFFFFFFFFFFFFF
FFFFFFFFFFFFFFFFFFFFFFFFFFFFFFFF
FFFFFFFFFFFFFFFFFFFFFFFFFFFFFFFF
FFFFFFFFFFFFFFFFFFFFFFFFFFFFFFFF
FFFFFFFFFFFFFFFFFFFFFFFFFFFFFFFF
FFFFFFFFFFFFFFFFFFFFFFFFFFFFFFFF
FFFFFFFFFFFFFFFFFFFFFFFFFFFFFFFF
FFFFFFFFFFFFFFFFFFFFFFFFFFFFFFFF
FFFFFFFFFFFFFFFFFFFFFFFFFFFFFFFF
FFFFFFFFFFFFFFFFFFFFFFFFFFFFFFFF
FFFFFFFFFFFFFFFFFFFFFFFFFFFFFFFF
FFFFFFFFFFFFFFFFFFFFFFFFFFFFFFFF
FFFFFFFFFFFFFFFFFFFFFFFFFFFFFFFF
FFFFFFFFFFFFFFFFFFFFFFFFFFFFFFFF
FFFFFFFFFFFFFFFFFFFFFFFFFFFFFFFF
FFFFFFFFFFFFFFFFFFFFFFFFFFFFFFFF
FFFFFFFFFFFFFFFFFFFFFFFFFFFFFFFF
FFFFFFFFFFFFFFFFFFFFFFFFFFFFFFFF
FFFFFFFFFFFFFFFFFFFFFFFFFFFFFFFF
FFFFFFFFFFFFFFFFFFFFFFFFFFFFFFFF
FFFFFFFFFFFFFFFFFFFFFFFFFFFFFFFF
FFFFFFFFFFFFFFFFFFFFFFFFFFFFFFFF
FFFFFFFFFFFFFFFFFFFFFFFFFFFFFFFF
FFFFFFFFFFFFFFFFFFFFFFFFFFFFFFFF
FFFFFFFFFFFFFFFFFFFFFFFFFFFFFFFF
FFFFFFFFFFFFFFFFFFFFFFFFFFFFFFFF
FFFFFFFFFFFFFFFFFFFFFFFFFFFFFFFF
FFFFFFFFFFFFFFFFFFFFFFFFFFFFFFFF
FFFFFFFFFFFFFFFFFFFFFFFFFFFFFFFF
FFFFFFFFFFFFFFFFFFFFFFFFFFFFFFFF
FFFFFFFFFFFFFFFFFFFFFFFFFFFFFFFF
FFFFFFFFFFFFFFFFFFFFFFFFFFFFFFFF
FFFFFFFFFFFFFFFFFFFFFFFFFFFFFFFF
FFFFFFFFFFFFFFFFFFFFFFFFFFFFFFFF
FFFFFFFFFFFFFFFFFFFFFFFFFFFFFFFF
FFFFFFFFFFFFFFFFFFFFFFFFFFFFFFFF
FFFFFFFFFFFFFFFFFFFFFFFFFFFFFFFF
FFFFFFFFFFFFFFFFFFFFFFFFFFFFFFFF
FFFFFFFFFFFFFFFFFFFFFFFFFFFFFFFF
FFFFFFFFFFFFFFFFFFFFFFFFFFFFFFFF
FFFFFFFFFFFFFFFFFFFFFFFFFFFFFFFF
FFFFFFFFFFFFFFFFFFFFFFFFFFFFFFFF
838E09000000010000000004840B093D
9E000100000001048422093D3A000100
00000302843F093D3E00010000000501
845D093D4200010000000C0284A4093D
4600010000000D0184D3093D4E000100
0000110184F1093D5600010000001F02
852C0900000001000000200485AA0900
00000100000040048646093D72000100
00005C018664093D7600010000005D02
86B8090000000100000060048628093D
6A000100000046018736093D8A000100
000031028771093D8E00010000003301
8782093D920001000000100287C9093D
9600010000002F0187E7093D9A000100
0000040184B5093D4A00010000000F01
00000000000000000000000041803609
02438806090249993709027F89430902
000003E8000003E8000003E8000003E8
000003E8000003E892D4090000000100
000000049351093D3A00010000000302
936E093D3E000100000005019383093D
4200010000000C0293A7093D46000100
00000D0193B8093D4A00010000000F01
93CD093D4E0001000000110193EB093D
5200010000001D0193FC093D56000100
00001F02941909000000010000002004
9497093D5A0001000000210294B4093D
5E00010000003D0294DB093D62000100
00003E029502093D6600010000003F02
95290900000001000000400495A7093D
6A0001000000460195BC093D6E000100
0000510195CD093D7200010000005C01
95E2093D7600010000005D029609093D
7A00010000005E02962D093D7E000100
00005F01963E09000000010000006004
96BC093D820001000000610196D1093D
86000100000067039706093DA2000200
000068079727093DA900020000007305
9748093DAE00020000007A079769093D
B500020000007F0D978A090000000100
000080019ABF09000000010000000004
9B3C09279700020000000211FFFFFFFF
FFFFFFFFFFFFFFFFFFFFFFFFFFFFFFFF
FFFFFFFFFFFFFFFFFFFFFFFFFFFFFFFF
FFFFFFFFFFFFFFFFFFFFFFFFFFFFFFFF
FFFFFFFFFFFFFFFFFFFFFFFFFFFFFFFF
FFFFFFFFFFFFFFFFFFFFFFFFFFFFFFFF
FFFFFFFFFFFFFFFFFFFFFFFFFFFFFFFF
FFFFFFFFFFFFFFFFFFFFFFFFFFFFFFFF
FFFFFFFFFFFFFFFFFFFFFFFFFFFFFFFF
FFFFFFFFFFFFFFFFFFFFFFFFFFFFFFFF
FFFFFFFFFFFFFFFFFFFFFFFFFFFFFFFF
FFFFFFFFFFFFFFFFFFFFFFFFFFFFFFFF
FFFFFFFFFFFFFFFFFFFFFFFFFFFFFFFF
FFFFFFFFFFFFFFFFFFFFFFFFFFFFFFFF
FFFFFFFFFFFFFFFFFFFFFFFFFFFFFFFF
FFFFFFFFFFFFFFFFFFFFFFFFFFFFFFFF
FFFFFFFFFFFFFFFFFFFFFFFFFFFFFFFF
FFFFFFFFFFFFFFFFFFFFFFFFFFFFFFFF
FFFFFFFFFFFFFFFFFFFFFFFFFFFFFFFF
FFFFFFFFFFFFFFFFFFFFFFFFFFFFFFFF
FFFFFFFFFFFFFFFFFFFFFFFFFFFFFFFF
FFFFFFFFFFFFFFFFFFFFFFFFFFFFFFFF
FFFFFFFFFFFFFFFFFFFFFFFFFFFFFFFF
FFFFFFFFFFFFFFFFFFFFFFFFFFFFFFFF
FFFFFFFFFFFFFFFFFFFFFFFFFFFFFFFF
FFFFFFFFFFFFFFFFFFFFFFFFFFFFFFFF
FFFFFFFFFFFFFFFFFFFFFFFFFFFFFFFF
FFFFFFFFFFFFFFFFFFFFFFFFFFFFFFFF
FFFFFFFFFFFFFFFFFFFFFFFFFFFFFFFF
FFFFFFFFFFFFFFFFFFFFFFFFFFFFFFFF
FFFFFFFFFFFFFFFFFFFFFFFFFFFFFFFF
FFFFFFFFFFFFFFFFFFFFFFFFFFFFFFFF
FFFFFFFFFFFFFFFFFFFFFFFFFFFFFFFF
FFFFFFFFFFFFFFFFFFFFFFFFFFFFFFFF
FFFFFFFFFFFFFFFFFFFFFFFFFFFFFFFF
FFFFFFFFFFFFFFFFFFFFFFFFFFFFFFFF
FFFFFFFFFFFFFFFFFFFFFFFFFFFFFFFF
FFFFFFFFFFFFFFFFFFFFFFFFFFFFFFFF
FFFFFFFFFFFFFFFFFFFFFFFFFFFFFFFF
FFFFFFFFFFFFFFFFFFFFFFFFFFFFFFFF
FFFFFFFFFFFFFFFFFFFFFFFFFFFFFFFF
FFFFFFFFFFFFFFFFFFFFFFFFFFFFFFFF
FFFFFFFFFFFFFFFFFFFFFFFFFFFFFFFF
FFFFFFFFFFFFFFFFFFFFFFFFFFFFFFFF
FFFFFFFFFFFFFFFFFFFFFFFFFFFFFFFF
FFFFFFFFFFFFFFFFFFFFFFFFFFFFFFFF
FFFFFFFFFFFFFFFFFFFFFFFFFFFFFFFF
FFFFFFFFFFFFFFFFFFFFFFFFFFFFFFFF
FFFFFFFFFFFFFFFFFFFFFFFFFFFFFFFF
FFFFFFFFFFFFFFFFFFFFFFFFFFFFFFFF
FFFFFFFFFFFFFFFFFFFFFFFFFFFFFFFF
FFFFFFFFFFFFFFFFFFFFFFFFFFFFFFFF
FFFFFFFFFFFFFFFFFFFFFFFFFFFFFFFF
FFFFFFFFFFFFFFFFFFFFFFFFFFFFFFFF
FFFFFFFFFFFFFFFFFFFFFFFFFFFFFFFF
FFFFFFFFFFFFFFFFFFFFFFFFFFFFFFFF
FFFFFFFFFFFFFFFFFFFFFFFFFFFFFFFF
FFFFFFFFFFFFFFFFFFFFFFFFFFFFFFFF
FFFFFFFFFFFFFFFFFFFFFFFFFFFFFFFF
FFFFFFFFFFFFFFFFFFFFFFFFFFFFFFFF
FFFFFFFFFFFFFFFFFFFFFFFFFFFFFFFF
FFFFFFFFFFFFFFFFFFFFFFFFFFFFFFFF
FFFFFFFFFFFFFFFFFFFFFFFFFFFFFFFF
FFFFFFFFFFFFFFFFFFFFFFFFFFFFFFFF
FFFFFFFFFFFFFFFFFFFFFFFFFFFFFFFF
FFFFFFFFFFFFFFFFFFFFFFFFFFFFFFFF
FFFFFFFFFFFFFFFFFFFFFFFFFFFFFFFF
FFFFFFFFFFFFFFFFFFFFFFFFFFFFFFFF
FFFFFFFFFFFFFFFFFFFFFFFFFFFFFFFF
FFFFFFFFFFFFFFFFFFFFFFFFFFFFFFFF
FFFFFFFFFFFFFFFFFFFFFFFFFFFFFFFF
FFFFFFFFFFFFFFFFFFFFFFFFFFFFFFFF
FFFFFFFFFFFFFFFFFFFFFFFFFFFFFFFF
FFFFFFFFFFFFFFFFFFFFFFFFFFFFFFFF
FFFFFFFFFFFFFFFFFFFFFFFFFFFFFFFF
FFFFFFFFFFFFFFFFFFFFFFFFFFFFFFFF
FFFFFFFFFFFFFFFFFFFFFFFFFFFFFFFF
FFFFFFFFFFFFFFFFFFFFFFFFFFFFFFFF
FFFFFFFFFFFFFFFFFFFFFFFFFFFFFFFF
FFFFFFFFFFFFFFFFFFFFFFFFFFFFFFFF
FFFFFFFFFFFFFFFFFFFFFFFFFFFFFFFF
FFFFFFFFFFFFFFFFFFFFFFFFFFFFFFFF
FFFFFFFFFFFFFFFFFFFFFFFFFFFFFFFF
FFFFFFFFFFFFFFFFFFFFFFFFFFFFFFFF
FFFFFFFFFFFFFFFFFFFFFFFFFFFFFFFF
FFFFFFFFFFFFFFFFFFFFFFFFFFFFFFFF
FFFFFFFFFFFFFFFFFFFFFFFFFFFFFFFF
3B8300618C00192316EC808300418C00
19230CEC808300308C00092302C78FC6
0187300AED85B7452004E6846B703519
1F8E0000B7653126F1EC850ACC58267B
02FB4D39404C39805A34790036C6075B
35C6807B02FA79003A4F3708FC7902FB
1D024E024D38121D02F1024D1E400A1B
943BC7876C87E6F0146B8BECF0156C85
ECF0116C83EC804949496C892043CC11
063736E68D37EC883BEE88EC003BEC02
3BEC043BEC0616CAD41B8B168159270C
E682040107C601876C872019EE831A08
6E83EE851A086E85C7876C87EE89096E
89EC8926B90F81077BEC80C4078749C3
00026C8CEC8049272CE68D37C61137A6
8D36EC883BEE88EC003BEC023BEC043B
EC0616CAD41B8B0750270AE682040105
C601876C870F81013BEC80C407873B83
0001E387B7463A4959E383B745EC00C6
FFB745CC11033736E68D373534C7873B
3B16CAD41B8B0711270AE682040105C6
01876C87EC871B8E0A6B84E684C1803D
6CAAC7876C84EC89496C82201A07296D
316E80EC8DC300026C8DEC8BC9008900
6C8BEE82096E82EC8226E20F8A010407
076D00EC841B860AED8FE68E16C21FEE
823D6CAB34CC12023736E68337EC853B
C7873B3B3B16CAD41B8B6B86E686C180
2708E686040103C60121C7876C841B87
0A4A89090A4A84370A4A890E0A0A1B9C
C7876C826C8086043B873BC6023B1A86
B7544A81600A1B86EC827C26F51B840A
4A843D0A4A85BE0A16CB344A8AF60A4A
81DE0A4A88F70A0A6CACC7876C82EE80
8E00012608C6084A932D0A20168E0002
2608C6084A94040A2009046508C6084A
91E00A6C82EC821B840A6BADC7876C81
F622327B222D4A8BE60A6C81F6222DC1
4C243352A686CE272B37F6222D6AE5E6
8052A68137E6816AE5E68052A6836B81
336AE5E680527B222DE683326BE4F622
2D7B2232200679223279222D1B830A1B
963BC7876C84EE806E8AF626F57B26F4
04A131C7168416260E16841E26030683
B11683EC0683B7CCAC014A8BEA0A1683
EC168428B7151683D64A85CF0AC60237
57068374F626F66C888C0002270A8C00
0427058C00072604C60120138C000327
0A8C000527058C00062603C60221C787
6C861684162665EC888C000727058C00
0626064A932D0A6C84EC888C0005270F
8C0004270A8C000227058C000326064A
94040A6C84EC84040489C78716841626
1916841E26051683F8205C1683EC1684
28B7150771C60237200ACCAC1B16842E
C60237524A824A0A1B812057EC8A8C00
02270304644DEE88191E8D0003220AB7
544A94040A6C842007076E6C8479222B
EC840424040751200E075E79222B0424
0E4A95C80A6982076FB71507192014C6
01877C27926A8250075EB7150708CCAC
35075B1B8C0A4A81A20A8604C73B873B
1A8834C6024A806F0A1B863DC603874A
8BED0A6984C6FF3DC60437C6154A824A
0A324A95C80A69843DC6017B222BC608
874A91E00A3D4A95CC0A8300013DEC8C
4A82180A8300013D6B858604C73D4A8B
EA0A4A85CF0A3D10EF0A14100A4AB072
0A79001C4A803C0A4A89C30A4A88500A
4A9BD90A0AFC27230424114A8BF10A8C
000226084A90CD094A8A4E090A4A8BF1
0A04242B4A93D6084A87C408F62AE304
211DFC222E2608FC22308C03E8250479
2AE30AFE222E16C57F7C22307E222E0A
FC272304242F4A8BF10A8C00022623F6
2200261E72222AF627212619F6222AC1
05251279222A4AABFD0A0421084A8FA2
0A0A79222A0A1B98FD2228027D2228F6
222C875959B745CC01F413B746ECE222
056D8035A3B13BECE222036E84CE0000
6C86C20082006C88CC01F43B34EC84EE
8C16C5511B822607C6017B2721202EEE
82ECE222053BEC863BEC84CE000016C5
51261A4A8F650AFE2201087E22017222
2CCE0000088EFFFF25FA7927211B880A
FE2228087E22287922001E22290109C6
017B22004A8F650A0AF625432722F625
42271DF624112706C002C10E2212FC22
018C0006240AF6241226054A84D60A0A
F625432622F62542271DF624112706C0
02C10E2212FC22288C000B240AF62412
26054A85500A0A7925427922000A4A9B
D90A4A8AB30A4A89C30A0A7927260AC7
877C27234A843A0A1C02500479014579
01474A84370A0A3B1D0250044A86FA0A
792721EC802604C6D02005042405C6C0
7B0141C6017B01401F014101FBC6FF7B
0143A6857A2238EC868C00012604C601
20078C00022605C6037B014279014BF6
2242042170F6221E266BF627962630C6
FD7B01507901517B01527901537B0158
7901591686F086F77A01557901567A01
5779015C7A015D79015E7A015F206AC1
182632CCDDC67B01507A0151C6E27B01
52790153C6C67B01587A0159C6E20760
790155C6017B0156507B015779015C79
015D50202CC6FF7B01507B01517B0152
7B01537B01587B01597B015A7B015B7B
01547B01557B01567B01577B015C7B01
5D7B015EC6FF7B015F1D0140011E0141
01FBCCFF087B01407A01457901473A0A
7B015A79015B7901543D790145790147
C6017B01487B01401F014101FB790143
7901420A6BAB79014779017DC6017B01
4AA68081182650CD0000EC8BC4FC841F
B745C60316C52FB7C5CA183BEC8DC403
873BECF01134EE8259B7C555456C823A
34EA81AAB16C87EC82EA81AA806C857A
0170EC85B7657B0171EC877A0172E688
7B01731B842019046016ED8DEE8BC615
16C52FB7547A0170B75487B7657B0171
E68A7B017CEE88E6007B0174E6017B01
75E6027B0176E6037B0177E6047B0178
E6057B0179E6067B017AE6077B017BC6
017B01467B01471B850A790147C6017B
01487B01470AF601447B22371F22373C
23F626FF261ECCAC4F4A8BEA0ACC2237
3BC6014A919A0A3ACCAC5D4A8BEA0AC6
017B26FFF6272604213DFE27272640FD
27298D00012438B76416C57F7C27297E
2727046405FC27272725CCAC604A8BEA
0ACCAC6A4A8BEA0A4A85CF0AC6033757
4A824A0A1B810AC7877C27297C27270A
CCFF085B465A6C4D600C4D4201C6815B
404D49034D47814D48C04D4D80C6085B
4D5A4E405A4C79006EC7877C277B7C27
7D7B277F0ACC7F015B4E5B4C5A460A34
37EC865C505C5E7E2781E6B27B2780C6
805B460A1B983B34FC277BFE277D6E86
6C84AC8025062623AE82241FCCFFFFA3
823BCCFFFFE283A2823BEC82E38A6C8E
3AE987A9866C8A1B82200EEC86A3826C
8AEC84E281A2806C88EC8AEE881B8C0A
FE277BFC277D0A79223BCC61A83BCEAE
0AC6894A888F0A3A0A4A82000A0A1B96
F6223C04218C79223CFC223F6C88FC22
3D6C864A8B480AC7876C82206EC7876C
8420560772B745EEE2BC1D346C82C787
3BEC8CEE8A16C66E3BEC865959ED82E3
EABC1FB746E640873BC73BEC846D8616
C5511B82261EEE801901EC412604E601
27120733B745EC845959E3E2BC1FB746
4BEB0001EE84086E84071CB745E6E2BC
1C87AC84229DEE82086E82EC828C0006
258B0689101B82C60587ED84133DC601
7B223CFC223FFE223D16C57F7C223F7E
223D0A1C02440F1C0245F07902427902
401C024A081D0248081C0252041D0250
040A37E685C1102706C120270E2016E6
847B0242E6807B0240200AE6847B024A
E6807B0248320A6BACE6886B81A687F4
02426B82E681F4024A6B838110270681
202721203BE6822737E680C1012607F6
0240EA812009046127E68151F402407B
0240201C044119E680C1012607F60248
EA812009046109E68151F402487B0248
1B840A37E685C1102706C120270B2010
E684E4807B02402007E684E4807B0248
C601320A6BAE6981E685C1102706C120
2707200EF602402003F60248E480EA81
6B81E681300A374FCC80FC4FCC40FC33
5BCF0A7900D87900D9CC01CC5BD84CD8
804DD8207A22170A4FDB20025BDD0A7B
2217C10226074CD8204DD8800A042106
4DD8204CD8800AC10226044DD8200A04
21034DD8800A792786C7877C278E7C27
907C27947C2792527C2723C77C27257C
27297C27277B24320A3BC621EE806B00
3A0AC6017B27867B22420AC6017B2786
0ACC20083BC6014A8A070A3A0ACC2008
3BC74A8A070A3A0AFC2789FE278716C5
7F7C27897E27874A9C2E0A4A8BF10A04
24044A92F408FE2433087E24338EFFFE
2305C7877C2433722435F62435C13225
42FC278E8C000226070748CD02EE0734
FC278E042407073BCD05DC0727FC2233
2608FC2235BC2546230EC60137C6034A
824A0A324A85CF0AC7877C22357C2233
7B24350A35B746C7873BB76416C6517B
25453DCD0064FC2235FE223306C584FC
2789FE27870AFC24330A0A20FE7C2428
0AFC24280A3BC78737B745E386B746E6
E2C0026B403352C10725ECEE80C60887
6C003A0A3BEC868C0001260BE68537EC
814A981C09200E8C0002260BE68537EC
814A9808091B814A89A3094A8B89093A
0A3BEC858C000127078C0002270A201C
071CC601873B20070714C602873B5737
EC834A85E70A1B834A9780083A0A4A80
00084A87BB084A9245084A9714083D37
36E6864A95160AE6854A95160A37E682
4A95160A8610366B82E6811237C610A6
83124A89E20AC6011B83300A3736E685
4A95160A37E6824A95160A8610366B82
E6811237C610A683124A8A630A1B8330
0A4A95160A8610364A8A840A324A9516
0A0A6CACC7876C824A8BF10A8C000226
25EC873BEC824A81F4091B826C82F63C
152627C6017B3C15EE80EC007C3C11EC
027C3C1320144A8BF10A04240DEC873B
EC824A8367081B826C82EC821B840A6C
AC69836982E682873B593BE384B745E6
00B710C7B7463AC30001E382B745E600
8719EEC60E30B75012B7456DE2224527
086282E682C10A25CCE6822704C6016B
83E6831B840A1B993B698469826983E6
8387593BE382B745E600B710C7B7463A
C30001E380B745E6008719EE6D852744
8D0B1A273F8DDADA273A351A89B7544A
8271081B82042121E68287595959EE85
B7466EEA22D13419EA22D3B7644A8271
081B826B8462822021C604374A824A0A
1B8120168DDADA2611E682595959B745
6DE222D16282C6016B846283E683C116
1825FF7BE6841B890A6CAC69836982E6
82873B593BE384B745E600B710C7B746
3AC30001E382B745E6008719EE3A5959
59B7456DE2238127086282E682C10125
CEE6822704C6016B83E6831B840A6CAC
69836982E682873B593BE384B745E600
B710C7B7463AC30001E382B745E60087
19EE3A595959B7456DE2238927086282
E682C10325CEE6822704C6016B83E683
1B840A6CAC69836982E682873B593BE3
84B745E600B710C7B7463AC30001E382
B745E6008719EE3A595959B7456DE223
A127086282E682C10A25CEE6822704C6
016B83E6831B840A6BAEEC872604EC85
273D6981C60EA68112EE87B746AEEA22
4526243B4A8BDF0A316CEA22496EEA22
47EC893BE683860E12C3224B3BE6844A
905F0A1B8420086281E681C10A25C53A
0A6CACF62411260BEE80F624126B00C6
01202D4A8BF10A8C000127058C000226
1C69822011E68287B745E380B746E6E2
23F16B406282F62411E18222E8F62411
6B831B840A1B9A4A8BF10A8C00012707
8C0002271520284A807708CEFEEC3486
FF364A9453081B832015CC02096B846A
851A846E80B7046C82B7744A8AC0091B
860A1B9969827224171E2417012BF624
1887595959B745EEE22381270FB745E6
E223816B80E6E22382169058722418F6
24182761792418205CF62417C1012708
C1032704C105261BFC238927488C0B1A
27438CDADA273EF623896B80F6238A07
572032C1072704C109262AF624198759
5959B745EEE223A1270EB745E6E223A1
6B80E6E223A20730722419F62419C10A
2503792419E6820421111A806E83C602
876C851A83B7544A8AC009F62417C10A
25037924171B870A6B83C6016B843D37
C72015873BE386B746EC80E388B745E6
006B40E681521B82E18025E7320A3B4A
8BF10A8C0002260DEC853BE6834A81BE
091B8220044A8BF10AC60187300AC601
7B2430C7870A3BB745E60187B705B756
EE803BE60087B781C7B7C6B7C6EA81AA
80EE826C80E60287B745C734373032C7
35EA81AAB1B7C5EA81AA80ED826C80E6
438734EA81AAB17C2426307E24240464
19261779241AC7877C241E7C241C7C24
227C24207B22437B24303A0A6CACC787
6C82F6243004212E4A8BF10A8C000226
10EC804A8282096C82C6AA877C221C20
154A8BF10A04240EEC803BCC242E4A82
A1081B826C82EC821B840AC6017B2431
C7870A6CACC7876C82F6243104212E4A
8BF10A8C00022610EC804A8345096C82
C601877C242C20154A8BF10A04240EEC
803BCC242C4A82E5081B826C82EC821B
840AF6241B0AFC242A0A6BAC69832037
87E387B745E600545454546B82A60084
0F6A81C1092303CB378FCB306B828109
23038B378F8B306A81E6824A8AA60AE6
814A8AA60A6283E683E18025C31B840A
6CACC7877C2794527C2790EC804A9B33
0A042472EC8083000216C69E065B1F26
2E440613C602873B574A98830A1B8220
40C601873B4A98830A1B82201EC60187
3B362011C602873B3657201FC601873B
C61837C6014A99790A1B837C2794C601
2014C602873BC61837C6014A99790A1B
837C2794C602876C82FC2794042476EC
827C278E206FEC804A9B330A046466F6
2244042125FC278E8C000127058C0002
2618FC2794260316931CFC2794260207
79FC2794263F075E203BF622442636C6
01877C278E2021FC27942602076EFC27
9426020755FC27942602073AFC279426
07FE278E087E278EFC278E8C00032C05
FC279427D2FC27942612EC808C000826
0BCCADB84A8BEA0A4A85CF0A4A85CB0A
FC27941B840AFC278E3BC61837C60187
4A99790A1B837C27943DFC278E3BC737
52874A99790A1B837C27943DFC278E3B
C601874A98830A1B827C27943D6CACC7
877C2794527C2790EC804A9B330A0424
3FEC808C000627078C000727142024C6
02873B574A98830A1B827C2794C60220
0FC601873B4A98830A1B827C2794C601
876C82FC2794042459EC827C278E2052
EC804A9B330A046449F62244042116FC
278E8C000127058C00022609FC279426
310750202DF622442628C601877C278E
2013FC27942602073AFC27942607FE27
8E087E278EFC278E8C00032C05FC2794
27E0FC27942612EC808C0008260BCCAD
CE4A8BEA0A4A85CF0A4A85CB0AFC2794
1B840AFC278E3BC601874A98830A1B82
7C27943D6CACC7877C2794527C2790EC
804A9B330A042457EC8083000216C69E
0440040B1329C601873B362011C60287
3B3657201FC601873BC61837C6014A99
790A1B837C2794C6012014C602873BC6
1837C6014A99790A1B837C2794C60287
6C82FC2794042467EC827C278E2060EC
804A9B330A046457F6224404211DFC27
8E8C000127058C00022610FC27942602
0772FC2794263807572034F62244262F
C601877C278E201AFC279426020755FC
27942602073AFC27942607FE278E087E
278EFC278E8C00032C05FC279427D9FC
27942612EC808C0008260BCCADE44A8B
EA0A4A85CF0A4A85CB0AFC27941B840A
FC278E3BC61837C601874A99790A1B83
7C27943DFC278E3BC73752874A99790A
1B837C27943D37C4CC5454A680843348
4837AAB03684AA4433C4555837AAB0B7
01320A6CAD0765EE80ED00B7456DE224
36ED80EC426CE22438F6253BCE000DB7
5012B745E6446BE2243A69822017073C
B745E682871AE6B746EC8019EEE6456B
E2243B6282EE80E682E10425E172253B
FC253EFE253C16C57F7C253E7E253CF6
253BC114260379253B1B830AF6253B37
C60D32123D36FC253C260CFC253E8C00
152404F6253F8FC6146B80C720047225
3A52E18025F8320AFC27920A6CABC787
6C82EE8026746B84202FEC82260ECCAD
FA1696C81696BBC6011696CFEC822611
CCAE1B4A8BEA0AC6021696BBC6021696
CF6284E684C1022404EC8227CDEC8226
41CCAE3C1696C8873B3BC74A96D80A1B
846C82CE00017E278E7E279004645CCC
AE5D4A8BEA0AC602873B573BC74A96D8
0A1B846C82C6028720388E000127058E
00022637EE822616ED8035344A96D80A
1B846C82EC807C278EC7877C2790EE82
2619EE8034523BC74A96D80A1B846C82
EC807C278EC601877C2790EC822616C6
03877C278E577C2792CCAE7E4A8BEA0A
792244200B04240ECCAE97071B7B2244
C7874A8BED0AEC821B850A873BC73B4A
96D80A1B846C843D4A8BEA0AC6013D87
7C278EC77C27903D3B1B906982C7876C
87527B278BEEF017345837ECF0184A85
E70ACC61A86CA0CE0000C74A888F0A3A
4A84370A4A88F00A6C856E8369897927
8D169873182600AEECF0100424B7C601
6B8E698F7927227B278C1A8E6E8A5887
6C8C1A8AB7544A8AC009200F16987ACD
00641698672504C6016B89E6890431EC
79278CF62720262B169858200A169826
23031698436282F62722E18222EFFC26
E58300087C26E1FC26E3C20082007C26
DF205CC1182658169858200A16982623
031698436282F62722E18222EFF626E6
87B745C734373032C7B7C5FA26E4BA26
E3B746FC26E5B7018734EA81AAB17C26
E17D26DF201916987ACD03E816986725
04C6016B89F6278D2605E6890431E7EC
F015260AF6278D042104C601200BECF0
15260CF6278D2607C7876C877C241307
72260AF6278D042104C601200A076426
0CF6278D2607C7876C877C241579278B
EC871BF0120AE684875959B745EDE227
0235EDE2270035FC26E56E86FE26E316
C5513DEE8219E22702EC407C26E51AE2
2700EC007C26E33DFC27027C26E5FC27
007C26E369843D35B746C7873BB76416
C5513DECF0178300013DEC87EE854A88
A40A3D1B993BC7876C877B26FFEE8C34
EC824A8C410A3A4A807708CC61A83BCE
0000C74A888F0A3A4A84370A4A88F00A
6C856E836982792786C7874A8BED0A20
36EC85EE834A88A40ACD03E835B746C7
873BB76416C5512506C6016B8220184A
93D6084A92F4084A87C4084A993E084A
993F084A87D60AF627862605E6820431
C04A88850A4A843A0AE6822638F62786
042132C601874A8BED0AEC8C8C000126
0BC607877C2792CCAEAC200E8C000226
0DC606877C2792CCAEDC4A8BEA0AC601
876C87202F4A95A50AC7877C253E7C25
3C7B253A7B253BC6087C2792EE8C8E00
012605CCAF0C20088E00022607CCAF37
4A8BEA0AEC871B890A1B953BC7876C8A
6C867B26FFEEF0118E0001260D52169B
1CC601873BEE823420128E00022615C6
02169B1CC602873BEE8234574A96D80A
1B846C86CC61A83BCE0000C74A888F0A
3A4A84370A4A88F00A169B2A698CC787
4A8BED0A69896988FC26E12605FC26DF
274FEC8604244A2042EC84EE824A88A4
0ACD00FA35B746C7873BB76416C55125
1AE688C104240F87C322183BC6014A81
BE091B826288169B2A62894A90CD094A
8A4E094A87D60A4A895309E689C10423
B84A843A0A4A88850AE68C1826008CF6
2786042186C602874A8BED0A4A800009
4A98F309ECF0118C00012627E6F01026
0FCCAF624A8BEA0AC602877C27922039
C118260DCCAF804A8BEA0AC604877C27
9220268C00022621E6F010260BCCAFA1
4A8BEA0AC603200DC118260DCCAFBF4A
8BEA0AC605877C2792F6221E2616ECF0
118C00012604C60120078C00022605C6
02870758C601876C8A204C4A95A50AC7
877C253E7C253C7B253A7B253BC6087C
2792EEF0118E00012613E6F0102605CC
AFE0201FC118261FCCAFFF20168E0002
2615E6F0102605CCB0212007C1182607
CCB0404A8BEA0AEC8A1B8D0A3BE6F014
37EC854A8C140A1B833D4A88F00A6C86
6E843D3B8C00082602C78FC601876C80
300A69AF203CE680CE23F1E6E5874A80
000A04440DCE23F1E680E6E5C061C119
221E792411C60437C60C4A824A0ACC23
F16CAFC7873BC6204A80240A1B842012
6280E68087B745F624118300013BAEB1
2DB4320A7C2540C6E0874A9D130A0AC7
870A6CADF622326B822717C720108737
B745E381B746E6E2272B6B403352E182
25EC792232CC272B3BC7873BC6504A80
240A1B84E6821B830A79259F7925A2C6
057B25BC7925A4C7877C25AE7C25AC7B
25A57B25A6CE03E87E25B27C25B07B25
B87B25B97C25BAC6147B26C4C6A37C26
C5C77C26C7C60A7B25C17A26CBC77C26
CE7C26CC7E26D27C26D07B26D40AF625
A5042135FC25B4262AFE25B68E000524
22B7C5C300057C25B6B754C90089007C
25B4F626D40401134A8B310AC6014A8A
CF0A0A07077B25A50A07010A4A8B3D0A
C7877C25B67C25B43DF625A4042144FC
25ACBC25B0250A261AFC25AEBC25B224
12FC25AEC300057C25AEFC25ACC90089
0020257925A4C7877C25AE7C25AC7B25
9FC6057B25BCCCB0624A8BEA0A4A8BEB
0A2008C7877C25AE7C25ACF626CB0421
2EFC26CCBC26D0250A261AFC26CEBC26
D22412FC26CEC300057C26CEFC26CCC9
008900200FC6014A8ACF0A7926CB0AC7
877C26CE7C26CC0AF625A70421044AA2
480A0A1B9C6C82EC828C00D62D108C00
DA2E0B8300D616C68E87B16B6F7E8C00
A3273A8C00E027088C00E12712069DF3
C6E0169E014A9B9F0A7C26C2C72030C6
E17B25C04A91960A6C807A25C2E6817B
25C3C602877C26C27C25BE2020C6A37B
25C04A91920A7B25C2C601877C26C27A
25BEF626C37B25BFC6017B25A5C6177B
25BD203BC6D82011C6D907654A910C0A
8C0004254E2016C6DA7B25C007482019
C6D6074D4A91530A8C00042536180B18
25BD7C26C2C77A25BEF626C37B25BFCC
01057B25C17A25A52019071ACE00D77E
25BFC6057B25C1C6017B25A5FD26C902
7D26C91B840AC7877C26C286187C25BD
3D7B25C0CC25C23DF626D404211BFE26
C7BE26C22404169EF50AC6024A8AE70A
C7877C26C77C26C20AF6259FC1092208
C107182500ACC109223DC0078716C68E
032232F625BC169F03F625BCC1052660
CCFF027B259F7A25BC577B25A44A8ACF
0A0AF626C6169F03C6024A8AE70A7925
9F0AF626C4C1192269C0158716C69E05
61050E17223EF625BD0778C6162010F6
25BE076FC6172007F625BF0766C6187B
26C40AF625C0075BC6197B26C4FC26C2
2630072F524A8ACF0AC60A7B25C10AFE
26C70731BE26C225190718C60A7B25C1
C6014A8ACF0AF625C0C1C52605C6017B
26D40ACC06147B26C47A259FC7877C26
C27C26C73DE6E225C20708FE26C7087E
26C73D4A8AC80A3D6BABF6259FC10618
22016B8716C6930007A07E9F299F3A9F
A19FD9A016A04DA05A16A099E6E2259A
C1491826012BC601205C16A0998E0004
265CE6E22599B710C73BE6E2259A87EA
81AA806C80E6E2259887B7053BEC82FD
25A86C82E6EA259787B781C7B7563BEC
846C89EC82EA81AA806C877E25A8EC89
8C44431B862614EC818C4943260DC602
4A8ACF0AC6077B259F200379259F06A0
8816A08BE6E225682763C11426057B25
A0201F4AA1600A042115FE25A8E6E225
687B25A0C6037B259F577B25B8203E79
25B8C6037B259F203416A08B8E000226
BDE6E22567B710C73BE6E2256887EA81
AAB17C25AA2618F625A0C1142611C602
4A8ACF0ACC15097B259F7A26C42052C6
047B259F204B0773E6E225687B25A327
404AA1780A04211BCC01057B259F7A25
B9F625A34AA1C00A7C25BA26094AA0B0
0A201E7925B9C6057B259F2014073CBE
25AA26344AA0B00A202E072FF6256926
07C7877C25A82020F625697B25A1C787
7C25A87B259F072F587B25C1200A7925
9FC7877C25A8071F1B850AFE25A8E682
6BE22569087E25A83DFE25A8E6826BE2
259B087E25A83D7B25A4C6057B25BC3D
F625B8042185F625B9042145FC25BA8C
0004260FFC25AABC25BA253116A15A26
20200CFC25AABC25BA2622077D2604C6
A4205AF625A3C1B12607F62569C1BE26
0CC6A0877C26C5427A25A72044C6A320
3CFC25BA8C0004260EFC25AABC25BA25
270747261E2021FC25AABC25BA261907
3926022013F625A3C1B12607F62569C1
BE2605C6017B25A7C6A18FC6A2877C26
C5C6024A8ACF0AC6087B259FC7877C25
A8C6057B25BC7A25A40AF625C1C1053D
36C11A220DC1102509C11A2205C6016B
808F6980E680320A36C1F0223DC1A025
2CC1A22330C1B02524C1B42328C1C525
1CC1CB2320C1D02514C1D42318C1DB25
0CC1DE2310C1E02504C1E22308C1C027
04C1F02605C6016B808F6980E680320A
6BADC7876C81E680C1F02277C1B0250E
C1B4221AC0B016C68E5454545457C1A0
253AC1A22236C0A016C68E3F5142C1C5
252AC1D42215C0C516C68E44383E413B
3E41484848483544443535C1DB250DC1
DE2209C0DB16C68E27272727C1C02710
C1E2271BC1F027172019C6038FC6018F
C6048FC62C8FC6068FC6148FC60221C7
876C81EC811B830A1B9AF625A37B25C0
F625A0C11A2237C1102512C113220EC0
10875905FFA27BA2CEA331A37DC11918
2702FBC11A182701BD2074F625C0C1C0
226DC1A0270AC1A1271EC1C0272E205F
F6256937F6256A37F6256B4A8C7F0A1B
8204212520202021F6256937F6256A4A
8CAC0A1B81042111200C200DCC25694A
A5C00A04240306A34FC6CE06A354F625
C0C1E22267C1B0250EC1B3220AC0B087
16C68E182F353CC1A22706C1E2273820
4BF625694A8CD10A06A4D0CC25C23BCC
26C24A8BF50A1B8216A59EFC26C2C706
A4DEC716A57E200CC60116A57E2005C6
0216A57E06A4D8CC25C24A8B190A06A4
D3F625C0C1D02707C1D4272006A57BCC
25693BC601874A907E0A1B82042403C6
C88FC6CD7B25C2C61606A4D5CC25694A
90A60AC601877C26C2CE16007E25BDF6
26C37B25BFC6C87B25C206A4E7F625C0
C1DE2217C1D1250FC1D32209C0D18716
C68E153453C1DB25A3C1DE229FC0DB87
16C68E517B58704A909E0A6C80EC8026
6A16A59E86D87A25C0C7877C26C216A5
9616A5AE20554A914B0A6C80EC80264B
16A59E86D57A25C0EE807E26C216A596
16A5AE2036CC25C23BCC25694A8CE20A
1B82200FC6017B25422020CC25C24A8F
210A876C8016A59EEC807C26C216A596
06A4E4C6017B25427B254306A51BCC25
C24A9BA20A876C8016A59EEE807E26C2
16A59606A518F625C0C1CB221BC1C525
11C1CB220DC0C58716C68E102F415263
74A3C1B4182700D006A57BFC2245266E
FC22D12669FC23812664FC2389265FFC
23A127022058C6CF205616A5A4042453
CC25694A8D760A042149204216A59026
42CC25694A8D2F0A042138203116A590
2631CC25694A8E090A042127202016A5
902620CC25694A8E4E0A042116200F16
A590260FCC25694A8E930A042105C6C8
7B25C2C6187B25BDC601877C26C27A25
BEF626C37B25BFC6057B25C1202DC6CF
7B25C2CE2569E600B710C7B746E60187
19EE7D2546C6C87B25C2C6017C26C2CE
18007E25BDF626C37B25BF16A5B7C787
7C25B67C25B42053CE2569E602B710C7
3BE60387EA81AAB17C2226C7877C2224
FD22262625C60437C6144A824A0ACC86
A06CAFCE000134FC2789FE278716C66E
6C846E827C22267E2224074B200DF625
C0C1F02606C6354A8AA60A1B860A874A
829F0A4A88F70A0715B627937A25C23D
07128C00023DEC827A25BEE6833DC618
7B25BD3DC6CF7B25C24A8BF10A3D7B25
BFC6057B25C13D7925A7C6017B25A53D
3BB745E60187B705B756EE803BE60087
B781C7B7C6B7C6EA81AA80EE826C80E6
0287B745C734373032C735EA81AAB1B7
C5EA81AA80ED826C80E6438734EA81AA
B17C25B23A7C25B0C60187300A1BF1EC
C7876C866C84FE26D6087E26D6F626D4
04010306AB4ECCAA557C25C27C25C47C
25C6C61A7B25C8C6086B82F62411C111
24030421C4F62568C102182400BB8E00
14182F00B4046108C6017B256806AB4E
FC22D12712E68252CE25C2A68269E437
526B83C6ED2015E682528609CE25C243
37C6096BE4E680526B83C602326BE4CC
25484A8F210A6B8F4A8B310AE6823752
6B83CE25C233A68F6AE5C72019A68236
426A8387B74537E6E22548CE25C2A681
6BE433521B81E18F25E3E68216ABD43B
E684876C828300084AABDD0A306C8CE6
8252A68CEE806AE225C23752A68ECE25
C216ABA8C60437C60B4A824A0A1B8116
ABB7587B256806AB4CFC224527196983
C60EA68312B745EDE222496D86EDE222
476D84EDE222452706EC862606EC8418
2700C7C60EA68312B745E68252A6E222
45CD25C237E68316AB71A6E2224637E6
8116AB7186086B813316AB71A6E2224B
37E68116AB71A6E2224C6B813316AB71
A6E2224D37E68116AB71A6E2224E6B81
3316AB71A6E2224F37E68116AB71A6E2
22506B813316AB71A6E2225137E68116
AB71A6E222526B81336AED19E22247E6
8052A6E2224734CE25C237E68316ABA2
EE81A6E22248CE25C26B83336AE5E682
52A64237E68316ABA26B86ED81E6EA22
4A326BE4C7876CEA22496CEA22476286
E686C10A1B831825FF16FC22D1182701
0B698316AB99EDE222D76D86ECE222D5
6C84046602270716AB99EEE222D12703
8E0B1A27038EDADA18270091B746E682
52A6EA22D134CE25C237E68516ABA26B
85A6EA22D2336AE53A6CF012C7876CF0
10E682C30001C325C23B1AF012B7544A
836708306B8EA68242CE25C2E68236A6
8F6AE533EB8E37E68487595959B746C3
22D53BE68252A6EA22D537E68316ABA2
A6EA22D66B83336AE5E6825230A602CE
25C237E68116ABA26B84E6EA22D8326B
E4C7876CEA22D76CEA22D51B8116AB99
EEE222D18EDADA2639B745F626D5C148
242DE68252A6E222D1CD25C237E68316
AB71A6E222D237E68116AB716B84C608
326BEC7925441B8116AB7425FB200379
26D56283E683C1161825FEF7FC238127
1669837226DAF626DAC105256C7926DA
16AB99EEE22381276AB745E68252A6E2
2381CD25C237E68316AB71A6E2238237
E68116AB716B84C604326BECEDE22387
16AB52C323833BE68252A6E22383CD25
C237E68316AB71A6E223846B833316AB
CE34EE82A60237E68516AB716B88EE81
E6E22386326BEC1B856283E683C10118
25FF80FC2389182700C27226D8F626D8
C10F182500B67926D8698316AB99EEE2
238927608EDADA275BB74516ABC337E6
8316AB71A6E2238A37E68116AB716B84
C604326BECEDE2238F16AB52C3238B3B
E68252A6E2238BCD25C237E68316AB71
A6E2238C6B833316ABCE34EE82A60237
E68516AB716B88EE81E6E2238E326BEC
1B85203E16AB99EEE223898EDADA263C
B745F626D5C148242616ABC337E68316
AB71A6E2238A37E68116AB716B84C608
326BEC7925441B8116AB7425FB200379
26D56283E683C1031825FF4FFC23A127
247226D9F626D9C1FA182500827926D9
C60537F625454A824A0A1B81698316AB
99EEE223A12768B745E68252A6E223A1
CD25C237E68316AB71A6E223A237E681
16AB716B84C604326BECEDE223A716AB
52C323A33BE68252A6E223A3CD25C237
E68316AB71A6E223A46B833316ABCE34
EE82A60237E68516AB716B88EE81E6E2
23A6326BEC6288E688C10A1B85258FE6
82C10823594A8B310A4A8BDF0A6C8A6E
88E68252A688CE25C237E68316ABA2A6
8A37E68116ABA2A68C6B813316ABA26B
83A68C336AE5E68216ABD43BE6848783
00084AABDD0A306C8CE68252A68CCE25
C237E683075CA68E075E076B1B811BF0
140A35E68787C325C23BC6044A905F0A
1B84E685CB046B82E68687595959B745
3D075B3DE68437526B85F626D5CE272B
A6E5CD25C2336AEDF626D569E57226D5
722544F62544C1083DE68587595959B7
453D6AE5E682523D37E6836AE533877C
26C2C77C26C73DC6024A8ACF0AC6017B
25A53DE68452A6E22389CD25C23D6AED
E684523DC0087B25C9CC25CA3D6BADC7
876C81200F8737E387B745E60087E382
6C823352E18025EDEC811B830AF626D4
0A0D0A2050726F746F204E6F7420666F
756E64202D2031200A0D000D0A205072
6F746F204E6F7420666F756E64202D20
32200A0D000D0A2050726F746F204E6F
7420666F756E64202D2033200A0D000D
0A2043414E204552524F523A000A0D00
43414E204552524F52000D0A2043414E
204572726F72200A0D000D0A20536563
6F6E6461727920746F6F6C20666F756E
64202D204F4244205354440A0D000D0A
205365636F6E6461727920746F6F6C20
666F756E64202D204F4244204558540A
0D000D0A2050474E2038204259544553
200A0D000D0A4F4244204E6567617469
76652047656E6572616C2052656A6563
740A0D000D0A4F424420536572766963
65204E6F7420537570706F727465640A
0D000D0A4F4244205375622046756E63
74696F6E204E6F7420537570706F7274
65640A0D000D0A4F4244204275737920
52657065617420526571756573740A0D
000D0A4F424420436F6E646974696F6E
73204E6F7420436F7272656374204F72
20526571756573742053657175656E63
654572726F720A0D000D0A5265717565
737420436F72726563746C7920526563
656976656420526573706F6E73655065
6E64696E670A0D000D0A20537461636B
204E6F7420666F756E64200A0D000D0A
20537461636B204E6F7420666F756E64
200A0D000D0A20537461636B204E6F74
20666F756E64200A0D000D0A20534541
524348494E47203530304B204C495354
454E5F4D4F4445200A0D000D0A205345
41524348494E47203235304B204C4953
54454E5F4D4F4445200A0D000D0A2053
4541524348494E47203530304B204E4F
524D414C5F4D4F4445200A0D000D0A20
534541524348494E47203235304B204E
4F524D414C5F4D4F4445200A0D000D0A
204241554452415445204E4F5420464F
554E44200A0D000D0A20424155445241
544520464F554E44200A0D000D0A204A
31393339203530304B204C495354454E
5F4D4F444520444554454354494F4E20
5041535320212121210A0D000D0A204A
31393339203235304B204C495354454E
5F4D4F444520444554454354494F4E20
5041535320212121210A0D000D0A204A
31393339203530304B204C495354454E
5F4D4F444520444554454354494F4E20
4641494C0A0D000D0A204A3139333920
3235304B204C495354454E5F4D4F4445
20444554454354494F4E204641494C0A
0D000D0A204F42444949203530304B20
444554454354454420212121210A0D00
0D0A2045582D4F42444949203530304B
20444554454354454420212121210A0D
000D0A204F42444949203235304B2044
4554454354454420212121210A0D000D
0A2045582D4F42444949203235304B20
444554454354454420212121210A0D00
0D0A204F42444949203530304B204445
54454354494F4E204641494C0A0D000D
0A2045582D4F42444949203530304B20
444554454354494F4E204641494C0A0D
000D0A204F42444949203235304B2044
4554454354494F4E204641494C0A0D00
0D0A2045582D4F42444949203235304B
20444554454354494F4E204641494C0A
0D000D0A5350492054494D454F55540A
0D00C6D77B01200AFFFFFFFFFFFFFFFF
FFFFFFFFFFFFFFFFFFFFFFFFFFFFFFFF
FFFFFFFFFFFFFFFFFFFFFFFFFFFFFFFF
FFFFFFFFFFFFFFFFFFFFFFFFFFFFFFFF
FFFFFFFFFFFFFFFFFFFFFFFFFFFFFFFF
FFFFFFFFFFFFFFFFFFFFFFFFFFFFFFFF
FFFFFFFFFFFFFFFFFFFFFFFFFFFFFFFF
FFFFFFFFFFFFFFFFFFFFFFFFFFFFFFFF
FFFFFFFFFFFFFFFFFFFFFFFFFFFFFFFF
FFFFFFFFFFFFFFFFFFFFFFFFFFFFFFFF
FFFFFFFFFFFFFFFFFFFFFFFFFFFFFFFF
FFFFFFFFFFFFFFFFFFFFFFFFFFFFFFFF
FFFFFFFFFFFFFFFFFFFFFFFFFFFFFFFF
FFFFFFFFFFFFFFFFFFFFFFFFFFFFFFFF
FFFFFFFFFFFFFFFFFFFFFFFFFFFFFFFF
FFFFFFFFFFFFFFFFFFFFFFFFFFFFFFFF
FFFFFFFFFFFFFFFFFFFFFFFFFFFFFFFF
FFFFFFFFFFFFFFFFFFFFFFFFFFFFFFFF
FFFFFFFFFFFFFFFFFFFFFFFFFFFFFFFF
FFFFFFFFFFFFFFFFFFFFFFFFFFFFFFFF
FFFFFFFFFFFFFFFFFFFFFFFFFFFFFFFF
FFFFFFFFFFFFFFFFFFFFFFFFFFFFFFFF
FFFFFFFFFFFFFFFFFFFFFFFFFFFFFFFF
FFFFFFFFFFFFFFFFFFFFFFFFFFFFFFFF
FFFFFFFFFFFFFFFFFFFFFFFFFFFFFFFF
FFFFFFFFFFFFFFFFFFFFFFFFFFFFFFFF
FFFFFFFFFFFFFFFFFFFFFFFFFFFFFFFF
FFFFFFFFFFFFFFFFFFFFFFFFFFFFFFFF
FFFFFFFFFFFFFFFFFFFFFFFFFFFFFFFF
FFFFFFFFFFFFFFFFFFFFFFFFFFFFFFFF
FFFFFFFFFFFFFFFFFFFFFFFFFFFFFFFF
FFFFFFFFFFFFFFFFFFFFFFFFFFFFFFFF
FFFFFFFFFFFFFFFFFFFFFFFFFFFFFFFF
FFFFFFFFFFFFFFFFFFFFFFFFFFFFFFFF
FFFFFFFFFFFFFFFFFFFFFFFFFFFFFFFF
FFFFFFFFFFFFFFFFFFFFFFFFFFFFFFFF
FFFFFFFFFFFFFFFFFFFFFFFFFFFFFFFF
FFFFFFFFFFFFFFFFFFFFFFFFFFFFFFFF
FFFFFFFFFFFFFFFFFFFFFFFFFFFFFFFF
FFFFFFFFFFFFFFFFFFFFFFFFFFFFFFFF
FFFFFFFFFFFFFFFFFFFFFFFFFFFFFFFF
FFFFFFFFFFFFFFFFFFFFFFFFFFFFFFFF
FFFFFFFFFFFFFFFFFFFFFFFFFFFFFFFF
FFFFFFFFFFFFFFFFFFFFFFFFFFFFFFFF
FFFFFFFFFFFFFFFFFFFFFFFFFFFFFFFF
FFFFFFFFFFFFFFFFFFFFFFFFFFFFFFFF
FFFFFFFFFFFFFFFFFFFFFFFFFFFFFFFF
FFFFFFFFFFFFFFFFFFFFFFFFFFFFFFFF
FFFFFFFFFFFFFFFFFFFFFFFFFFFFFFFF
FFFFFFFFFFFFFFFFFFFFFFFFFFFFFFFF
FFFFFFFFFFFFFFFFFFFFFFFFFFFFFFFF
FFFFFFFFFFFFFFFFFFFFFFFFFFFFFFFF
FFFFFFFFFFFFFFFFFFFFFFFFFFFFFFFF
FFFFFFFFFFFFFFFFFFFFFFFFFFFFFFFF
FFFFFFFFFFFFFFFFFFFFFFFFFFFFFFFF
FFFFFFFFFFFFFFFFFFFFFFFFFFFFFFFF
FFFFFFFFFFFFFFFFFFFFFFFFFFFFFFFF
FFFFFFFFFFFFFFFFFFFFFFFFFFFFFFFF
FFFFFFFFFFFFFFFFFFFFFFFFFFFFFFFF
FFFFFFFFFFFFFFFFFFFFFFFFFFFFFFFF
FFFFFFFFFFFFFFFFFFFFFFFFFFFFFFFF
FFFFFFFFFFFFFFFFFFFFFFFFFFFFFFFF
FFFFFFFFFFFFFFFFFFFFFFFFFFFFFFFF
FFFFFFFFFFFFFFFFFFFFFFFFFFFFFFFF
FFFFFFFFFFFFFFFFFFFFFFFFFFFFFFFF
FFFFFFFFFFFFFFFFFFFFFFFFFFFFFFFF
FFFFFFFFFFFFFFFFFFFFFFFFFFFFFFFF
FFFFFFFFFFFFFFFFFFFFFFFFFFFFFFFF
FFFFFFFFFFFFFFFFFFFFFFFFFFFFFFFF
FFFFFFFFFFFFFFFFFFFFFFFFFFFFFFFF
FFFFFFFFFFFFFFFFFFFFFFFFFFFFFFFF
FFFFFFFFFFFFFFFFFFFFFFFFFFFFFFFF
FFFFFFFFFFFFFFFFFFFFFFFFFFFFFFFF
FFFFFFFFFFFFFFFFFFFFFFFFFFFFFFFF
FFFFFFFFFFFFFFFFFFFFFFFFFFFFFFFF
FFFFFFFFFFFFFFFFFFFFFFFFFFFFFFFF
FFFFFFFFFFFFFFFFFFFFFFFFFFFFFFFF
FFFFFFFFFFFFFFFFFFFFFFFFFFFFFFFF
FFFFFFFFFFFFFFFFFFFFFFFFFFFFFFFF
FFFFFFFFFFFFFFFFFFFFFFFFFFFFFFFF
FFFFFFFFFFFFFFFFFFFFFFFFFFFFFFFF
FFFFFFFFFFFFFFFFFFFFFFFFFFFFFFFF
FFFFFFFFFFFFFFFFFFFFFFFFFFFFFFFF
FFFFFFFFFFFFFFFFFFFFFFFFFFFFFFFF
FFFFFFFFFFFFFFFFFFFFFFFFFFFFFFFF
FFFFFFFFFFFFFFFFFFFFFFFFFFFFFFFF
FFFFFFFFFFFFFFFFFFFFFFFFFFFFFFFF
FFFFFFFFFFFFFFFFFFFFFFFFFFFFFFFF
FFFFFFFFFFFFFFFFFFFFFFFFFFFFFFFF
FFFFFFFFFFFFFFFFFFFFFFFFFFFFFFFF
FFFFFFFFFFFFFFFFFFFFFFFFFFFFFFFF
FFFFFFFFFFFFFFFFFFFFFFFFFFFFFFFF
FFFFFFFFFFFFFFFFFFFFFFFFFFFFFFFF
FFFFFFFFFFFFFFFFFFFFFFFFFFFFFFFF
FFFFFFFFFFFFFFFFFFFFFFFFFFFFFFFF
FFFFFFFFFFFFFFFFFFFFFFFFFFFFFFFF
FFFFFFFFFFFFFFFFFFFFFFFFFFFFFFFF
FFFFFFFFFFFFFFFFFFFFFFFFFFFFFFFF
FFFFFFFFFFFFFFFFFFFFFFFFFFFFFFFF
FFFFFFFFFFFFFFFFFFFFFFFFFFFFFFFF
FFFFFFFFFFFFFFFFFFFFFFFFFFFFFFFF
FFFFFFFFFFFFFFFFFFFFFFFFFFFFFFFF
FFFFFFFFFFFFFFFFFFFFFFFFFFFFFFFF
FFFFFFFFFFFFFFFFFFFFFFFFFFFFFFFF
FFFFFFFFFFFFFFFFFFFFFFFFFFFFFFFF
FFFFFFFFFFFFFFFFFFFFFFFFFFFFFFFF
FFFFFFFFFFFFFFFFFFFFFFFFFFFFFFFF
FFFFFFFFFFFFFFFFFFFFFFFFFFFFFFFF
FFFFFFFFFFFFFFFFFFFFFFFFFFFFFFFF
FFFFFFFFFFFFFFFFFFFFFFFFFFFFFFFF
FFFFFFFFFFFFFFFFFFFFFFFFFFFFFFFF
FFFFFFFFFFFFFFFFFFFFFFFFFFFFFFFF
FFFFFFFFFFFFFFFFFFFFFFFFFFFFFFFF
FFFFFFFFFFFFFFFFFFFFFFFFFFFFFFFF
FFFFFFFFFFFFFFFFFFFFFFFFFFFFFFFF
FFFFFFFFFFFFFFFFFFFFFFFFFFFFFFFF
FFFFFFFFFFFFFFFFFFFFFFFFFFFFFFFF
FFFFFFFFFFFFFFFFFFFFFFFFFFFFFFFF
FFFFFFFFFFFFFFFFFFFFFFFFFFFFFFFF
FFFFFFFFFFFFFFFFFFFFFFFFFFFFFFFF
FFFFFFFFFFFFFFFFFFFFFFFFFFFFFFFF
FFFFFFFFFFFFFFFFFFFFFFFFFFFFFFFF
FFFFFFFFFFFFFFFFFFFFFFFFFFFFFFFF
FFFFFFFFFFFFFFFFFFFFFFFFFFFFFFFF
FFFFFFFFFFFFFFFFFFFFFFFFFFFFFFFF
FFFFFFFFFFFFFFFFFFFFFFFFFFFFFFFF
FFFFFFFFFFFFFFFFFFFFFFFFFFFFFFFF
FFFFFFFFFFFFFFFFFFFFFFFFFFFFFFFF
FFFFFFFFFFFFFFFFFFFFFFFFFFFFFFFF
FFFFFFFFFFFFFFFFFFFFFFFFFFFFFFFF
FFFFFFFFFFFFFFFFFFFFFFFFFFFFFFFF
FFFFFFFFFFFFFFFFFFFFFFFFFFFFFFFF
FFFFFFFFFFFFFFFFFFFFFFFFFFFFFFFF
FFFFFFFFFFFFFFFFFFFFFFFFFFFFFFFF
FFFFFFFFFFFFFFFFFFFFFFFFFFFFFFFF
FFFFFFFFFFFFFFFFFFFFFFFFFFFFFFFF
FFFFFFFFFFFFFFFFFFFFFFFFFFFFFFFF
FFFFFFFFFFFFFFFFFFFFFFFFFFFFFFFF
FFFFFFFFFFFFFFFFFFFFFFFFFFFFFFFF
FFFFFFFFFFFFFFFFFFFFFFFFFFFFFFFF
FFFFFFFFFFFFFFFFFFFFFFFFFFFFFFFF
FFFFFFFFFFFFFFFFFFFFFFFFFFFFFFFF
FFFFFFFFFFFFFFFFFFFFFFFFFFFFFFFF
FFFFFFFFFFFFFFFFFFFFFFFFFFFFFFFF
FFFFFFFFFFFFFFFFFFFFFFFFFFFFFFFF
FFFFFFFFFFFFFFFFFFFFFFFFFFFFFFFF
FFFFFFFFFFFFFFFFFFFFFFFFFFFFFFFF
FFFFFFFFFFFFFFFFFFFFFFFFFFFFFFFF
FFFFFFFFFFFFFFFFFFFFFFFFFFFFFFFF
FFFFFFFFFFFFFFFFFFFFFFFFFFFFFFFF
FFFFFFFFFFFFFFFFFFFFFFFFFFFFFFFF
FFFFFFFFFFFFFFFFFFFFFFFFFFFFFFFF
FFFFFFFFFFFFFFFFFFFFFFFFFFFFFFFF
FFFFFFFFFFFFFFFFFFFFFFFFFFFFFFFF
FFFFFFFFFFFFFFFFFFFFFFFFFFFFFFFF
FFFFFFFFFFFFFFFFFFFFFFFFFFFFFFFF
FFFFFFFFFFFFFFFFFFFFFFFFFFFFFFFF
FFFFFFFFFFFFFFFFFFFFFFFFFFFFFFFF
FFFFFFFFFFFFFFFFFFFFFFFFFFFFFFFF
FFFFFFFFFFFFFFFFFFFFFFFFFFFFFFFF
FFFFFFFFFFFFFFFFFFFFFFFFFFFFFFFF
FFFFFFFFFFFFFFFFFFFFFFFFFFFFFFFF
FFFFFFFFFFFFFFFFFFFFFFFFFFFFFFFF
FFFFFFFFFFFFFFFFFFFFFFFFFFFFFFFF
FFFFFFFFFFFFFFFFFFFFFFFFFFFFFFFF
FFFFFFFFFFFFFFFFFFFFFFFFFFFFFFFF
FFFFFFFFFFFFFFFFFFFFFFFFFFFFFFFF
FFFFFFFFFFFFFFFFFFFFFFFFFFFFFFFF
FFFFFFFFFFFFFFFFFFFFFFFFFFFFFFFF
FFFFFFFFFFFFFFFFFFFFFFFFFFFFFFFF
FFFFFFFFFFFFFFFFFFFFFFFFFFFFFFFF
FFFFFFFFFFFFFFFFFFFFFFFFFFFFFFFF
FFFFFFFFFFFFFFFFFFFFFFFFFFFFFFFF
FFFFFFFFFFFFFFFFFFFFFFFFFFFFFFFF
FFFFFFFFFFFFFFFFFFFFFFFFFFFFFFFF
FFFFFFFFFFFFFFFFFFFFFFFFFFFFFFFF
FFFFFFFFFFFFFFFFFFFFFFFFFFFFFFFF
FFFFFFFFFFFFFFFFFFFFFFFFFFFFFFFF
FFFFFFFFFFFFFFFFFFFFFFFFFFFFFFFF
FFFFFFFFFFFFFFFFFFFFFFFFFFFFFFFF
FFFFFFFFFFFFFFFFFFFFFFFFFFFFFFFF
FFFFFFFFFFFFFFFFFFFFFFFFFFFFFFFF
FFFFFFFFFFFFFFFFFFFFFFFFFFFFFFFF
FFFFFFFFFFFFFFFFFFFFFFFFFFFFFFFF
FFFFFFFFFFFFFFFFFFFFFFFFFFFFFFFF
009D080A029C790A00846D0A0184550A
0084A00A00A60D0A0085690A020005BC
0002000ABC08010032BC10010064BC14
0101F4BC180000000000FFFFFFFFFFFF
FFFFFFFFFFFFFFFFFFFFFFFFFFFFFFFF
FFFFFFFFFFFFFFFFFFFFFFFFFFFFFFFF
FFFFFFFFFFFFFFFFFFFFFFFFFFFFFFFF
FFFFFFFFFFFFFFFFFFFFFFFFFFFFFFFF
FFFFFFFFFFFFFFFFFFFFFFFFFFFFFFFF
FFFFFFFFFFFFFFFFFFFFFFFFFFFFFFFF
FFFFFFFFFFFFFFFFFFFFFFFFFFFFFFFF
FFFFFFFFFFFFFFFFFFFFFFFFFFFFFFFF
FFFFFFFFFFFFFFFFFFFFFFFFFFFFFFFF
FFFFFFFFFFFFFFFFFFFFFFFFFFFFFFFF
FFFFFFFFFFFFFFFFFFFFFFFFFFFFFFFF
FFFFFFFFFFFFFFFFFFFFFFFFFFFFFFFF
FFFFFFFFFFFFFFFFFFFFFFFFFFFFFFFF
FFFFFFFFFFFFFFFFFFFFFFFFFFFFFFFF
FFFFFFFFFFFFFFFFFFFFFFFFFFFFFFFF
FFFFFFFFFFFFFFFFFFFFFFFFFFFFFFFF
FFFFFFFFFFFFFFFFFFFFFFFFFFFFFFFF
FFFFFFFFFFFFFFFFFFFFFFFFFFFFFFFF
FFFFFFFFFFFFFFFFFFFFFFFFFFFFFFFF
FFFFFFFFFFFFFFFFFFFFFFFFFFFFFFFF
FFFFFFFFFFFFFFFFFFFFFFFFFFFFFFFF
FFFFFFFFFFFFFFFFFFFFFFFFFFFFFFFF
FFFFFFFFFFFFFFFFFFFFFFFFFFFFFFFF
FFFFFFFFFFFFFFFFFFFFFFFFFFFFFFFF
FFFFFFFFFFFFFFFFFFFFFFFFFFFFFFFF
FFFFFFFFFFFFFFFFFFFFFFFFFFFFFFFF
FFFFFFFFFFFFFFFFFFFFFFFFFFFFFFFF
FFFFFFFFFFFFFFFFFFFFFFFFFFFFFFFF
FFFFFFFFFFFFFFFFFFFFFFFFFFFFFFFF
FFFFFFFFFFFFFFFFFFFFFFFFFFFFFFFF
FFFFFFFFFFFFFFFFFFFFFFFFFFFFFFFF
FFFFFFFFFFFFFFFFFFFFFFFFFFFFFFFF
FFFFFFFFFFFFFFFFFFFFFFFFFFFFFFFF
FFFFFFFFFFFFFFFFFFFFFFFFFFFFFFFF
FFFFFFFFFFFFFFFFFFFFFFFFFFFFFFFF
FFFFFFFFFFFFFFFFFFFFFFFFFFFFFFFF
FFFFFFFFFFFFFFFFFFFFFFFFFFFFFFFF
FFFFFFFFFFFFFFFFFFFFFFFFFFFFFFFF
FFFFFFFFFFFFFFFFFFFFFFFFFFFFFFFF
FFFFFFFFFFFFFFFFFFFFFFFFFFFFFFFF
FFFFFFFFFFFFFFFFFFFFFFFFFFFFFFFF
FFFFFFFFFFFFFFFFFFFFFFFFFFFFFFFF
FFFFFFFFFFFFFFFFFFFFFFFFFFFFFFFF
FFFFFFFFFFFFFFFFFFFFFFFFFFFFFFFF
FFFFFFFFFFFFFFFFFFFFFFFFFFFFFFFF
FFFFFFFFFFFFFFFFFFFFFFFFFFFFFFFF
FFFFFFFFFFFFFFFFFFFFFFFFFFFFFFFF
FFFFFFFFFFFFFFFFFFFFFFFFFFFFFFFF
FFFFFFFFFFFFFFFFFFFFFFFFFFFFFFFF
FFFFFFFFFFFFFFFFFFFFFFFFFFFFFFFF
FFFFFFFFFFFFFFFFFFFFFFFFFFFFFFFF
FFFFFFFFFFFFFFFFFFFFFFFFFFFFFFFF
FFFFFFFFFFFFFFFFFFFFFFFFFFFFFFFF
FFFFFFFFFFFFFFFFFFFFFFFFFFFFFFFF
FFFFFFFFFFFFFFFFFFFFFFFFFFFFFFFF
FFFFFFFFFFFFFFFFFFFFFFFFFFFFFFFF
FFFFFFFFFFFFFFFFFFFFFFFFFFFFFFFF
FFFFFFFFFFFFFFFFFFFFFFFFFFFFFFFF
FFFFFFFFFFFFFFFFFFFFFFFFFFFFFFFF
FFFFFFFFFFFFFFFFFFFFFFFFFFFFFFFF